Word,Frequency
想,162
女主,281
cp,7
好看,76
部,19
小说,109
明觉,1
叶舒文,1
死,23
可惜,9
作者,180
前,19
面少,3
章数,3
完结,38
苏医生,1
这几年,2
书,71
先,31
签,1
出版,4
连载,3
出版社,3
体量,1
写,131
25万,2
字,25
超过,3
30万,2
粟,10
黑月光,1
超,5
字数,4
压着,1
头疼,1
删,3
旧,3
谙,3
里,82
一开始,10
说,155
书里,2
男女,25
感情,18
线索,1
主旨,2
主题,1
鼹鼠,6
刑侦,2
缉毒,1
疫情,2
苏,2
医生,6
定制,7
重点,2
选题,1
喜欢,238
类文,1
亲亲,3
暂时,3
告别,1
未来,5
也许,8
心血,3
潮会,1
缠绵悱恻,2
长篇,3
言情,14
到时候,3
再见,6
,2
么么哒,3
爱,130
挖坑,1
技术,3
哪家,1
强,14
请到,1
红袖,22
找,14
吉祥,8
晚,8
啊啊,60
昨天,5
抱歉,12
高铁,1
估计,5
晚上,10
养文,2
惊世,1
医妃,3
文笔,35
加油,51
＾,7
O(∩,1
∩)O,1
本书,135
一度,2
哭,22
不能自已,1
第一,60
卷,2
十三,5
得知,2
秦洛,11
牺牲,5
那段,3
第三,8
毒瘾,1
发作,1
身负,2
重伤,1
情况,13
驾,1
快艇,1
击杀,1
逃亡,1
轮船,1
司机,2
风花雪月,1
无病呻吟,1
庸俗不堪,1
震撼,6
理所当然,1
羡慕,9
小四,1
小时候,7
亲情,1
友情,1
长大,2
爱情,31
真真,3
应,3
句,23
话,14
成长,5
路,7
长,22
从不孤单,1
一路,7
俩,6
眼神,3
含义,1
四会,1
无条件,4
哄,3
做,54
捧,6
手心,2
女孩儿,1
那种,18
滋味,1
真的,134
棒,14
祝福,10
白头偕老,2
举案齐眉,1
青丝,1
白发,1
壮年,1
暮年,1
携手,2
走过,6
一生,12
临了,1
忘,13
初心,6
大无畏,1
英雄,11
坚强,3
隐忍,1
理智,7
心中,9
爱国,1
爱家,1
爱人,4
国,2
孑然一身,1
打进,1
禁毒网,1
底层,1
不惜,1
丧心病狂,2
陷害,3
染上,2
毒品,2
群,12
恶心,7
男人,31
女人,30
周旋,1
调笑,2
脆弱,2
自白,1
中,65
次,47
写到,10
粉白,1
海棠,1
纯洁,2
善良,8
高贵,2
粪坑,1
不见天日,1
蛆,1
糟糕,1
不堪下贱,1
断掉,1
手指,4
睡,8
杀,5
怯懦,1
张队,1
忍,8
疯,3
优秀,6
出色,2
文章,15
留,5
悬念,1
希望,90
弟弟,8
秦臻,1
陌生,1
城市,2
热爱,2
公安,1
事业,1
警察,14
遗书,1
拿来,1
安慰,2
夜,5
太,145
黑,7
清,7
方向,7
瞳孔,1
恒久,1
影像,1
始终,5
信仰,10
两,66
守护,6
当作,2
可爱,25
这是,42
儿女情长,1
气概,1
家国,2
情怀,2
职业,5
肃然起敬,1
件,19
无上,3
荣耀,5
事情,25
有一天,3
骄傲,5
酷,1
壮烈,2
刻起,1
想法,8
读书,5
不行,9
参军,1
军人,4
妻子,3
母亲,4
奉献,1
祖国,1
死而无憾,1
梦,3
马,1
负,3
韶华,1
故事,63
in,2
the,1
end,2
小四，十三,1
段扬,1
汤,2
瞳,1
小姐,13
魏,1
妈妈,11
秦,3
三水,1
老师,7
柳池,1
）们,3
所有人,3
特别,29
感谢,31
带来,8
祝作者,1
全家,2
幸福,10
和睦,3
平安,2
健康,6
中国,8
情书,5
夜晚,2
星,1
照耀,1
转青岛,1
集团,3
书评,15
4月,1
23日,2
盛典,2
发布,5
2018,4
年度,1
榜单,1
首次,1
网络,4
文学,4
作品,36
身影,1
阅文,2
旗下,1
平台,6
写给,5
荣膺,1
该书,2
纸质版,1
图书,1
青岛,1
发行,1
此前,1
入选,1
国家,7
新闻,3
出版署,1
作协,1
原创,2
题记,1
言,5
黑暗,10
负重,1
前行,2
灵魂点,1
亮光明,1
身祭,2
此书,2
赞歌,1
塑造,7
人物,40
生活,18
勤奋,3
敬业,1
年轻,3
警花,1
萧,6
伊然,3
拼,1
善于,1
错综复杂,2
案件,4
抽丝剥茧,1
刑侦队,3
长宁,3
时谦,3
忠贞,1
素质,3
过硬,1
卧底,2
可敬,1
群像,1
机智,1
敏捷,1
勇敢,6
无畏,2
警员,1
沉着,2
冷静,5
经验,1
中年,1
警官,1
活泼,3
重情,1
重义,1
青年,1
女警,2
忠于,1
职守,1
勤勉,1
终生,1
生动,2
鲜明,4
分,7
条,10
线,1
讲述,1
侦查,1
刑事,1
暗线,1
身为,3
已故,2
男友,4
宁时,2
谦,2
兄弟,2
化名,1
阿郎,1
秦洛卧,1
底,1
贩毒,1
经历,12
看似,1
独立,4
暗暗,1
相连,1
最终,7
重逢,4
破获,1
特大,1
贩毒案,1
演,1
绎出,1
场,9
感天动地,1
大情,1
吉祥夜,4
名,20
警嫂,3
天然,1
情结,1
普通人,1
理解,11
份,5
影视,3
女性,2
角度,4
细腻,6
温婉,2
方式,7
描写,12
豪迈,1
柔情,2
表现,6
铁血,1
坚定,2
热血大爱,1
封,4
平凡,5
岗位,1
灵魂,2
点亮,1
光明,1
身边,6
警察A,1
警察B,1
夜空,1
星星,3
姓名,1
位置,2
微弱,1
光芒,5
照亮,1
天空,2
文字,6
身上,3
温暖,9
向上,1
力量,5
传递,1
颁奖词,1
温度,1
构思,1
独出心裁,1
别具一格,1
动人心弦,1
情节,20
引人入胜,3
曲折,2
丰满,1
语言,9
明快,1
风趣,1
具,1
个性,5
书写,3
带给,5
读者,25
审美,3
愉悦,1
感动,13
完了,24
好好,18
捋,2
男女主,2
之间,17
关系,10
伤心,2
原本,2
攒,3
章,64
慢慢,21
手贱,1
忍住,1
好不容易攒,1
😭,7
天,34
意犹未尽,4
唉╯,2
﹏╰,2
本来,10
甜,21
带虐,1
男主,156
人族,1
苍生,1
在乎,2
使命,1
恋,1
爱脑,1
白子画,1
真虐,1
心π,1
π,1
盛景,1
不错,29
茶,6
受不了,2
狠心,1
初遇,2
王子,2
变身何,1
总裁,12
妥妥,3
圈粉,1
🤩🤩,1
开虐,2
我等,3
不及,2
林烟,3
抛开,1
孩子,25
那点,1
眷恋,1
断,12
醒醒,1
林,2
闵,1
觉悟,1
地球,3
化灰,1
赶紧,3
移情别恋,1
还给,3
尤旋,2
打掩护,1
渣,7
浪,1
校花,1
惦记,1
代入,2
视角,2
难受,6
每次,10
低头,2
偏袒,1
瞒下,1
短信,1
难过,6
段,24
走,17
99,3
步,6
愿,11
走来,2
离开,12
第99,1
穿,6
穿越,18
穿书,2
总,13
茶茶,1
样子,9
主都,1
光环,2
见到,6
兴趣,7
慢慢来,2
感觉,82
对劲,6
明白,17
变化,5
尊贵,1
身份,12
看上,5
贵,1
太子,11
不乏,2
换,8
套路,12
兢兢业业,1
保住,1
小命,1
设立,1
稳稳,1
吃,19
醋,2
样样,1
时时刻刻,1
害怕,5
出事,1
威胁,3
生命,9
陷入,1
情情,1
爱爱,1
蒋,1
诗,3
绵薄,2
之力,2
相处,3
为人,3
爱上,5
反正,12
胃口,3
值得,16
男,11
感情线,5
事业线,1
快点,6
多久,5
明明,16
皇后,7
书名,8
贵妃,3
新,31
年,52
祝囧,1
囧小年,1
快乐,11
呦～,1
喜提,3
新书,51
激动,2
感是,1
回,11
事,14
囧,1
小年,2
打卡,15
🥰🥰,2
水评,1
新奇,2
主角,13
设,11
貌似,3
哈哈哈哈哈哈哈嗝,1
一点,32
分段,1
收藏,19
话不多,1
催,5
结构,2
紧凑,3
建议,16
增加,2
心理,6
有血有肉,3
环境,3
麻烦,12
努力,8
越来越,6
显得,5
真实感,1
祝,12
大大早日,1
签约,2
真,14
期待,40
精彩,6
😍,1
不冒,1
泡打,1
洗理,1
看头,1
发现,19
混过,1
起点,3
风格,14
差,4
挺,28
言域,1
资深,2
妹控,1
导致,4
妹妹,12
上演,1
德国,1
骨科,1
曹操,1
一代,1
枭雄,1
一统天下,1
智慧,5
势力,2
能力,14
文韬武略,1
厉害,10
那时候,4
变数,1
卧龙,2
雏凤,1
赤壁,1
战,1
荀彧,1
英年早逝,1
后续,5
更新,141
康康,2
八卦,2
请假,5
不好意思,2
停止,1
时间,37
一阵子,1
忙,3
老八,2
回来,13
笔芯,3
么么,10
哒～,2
粉,1
呀呼,1
粉来,1
接好,1
老呦,1
2022年,1
囤,2
好几,7
月,21
心态,3
快崩,1
北,1
忘记,3
账号,4
密码,1
咋滴,1
难,7
捉急,1
寒假,1
暑假,2
几章,5
毕业,2
告诉,17
完,22
～北,1
就算是,3
工作,9
声,4
瞅瞅,1
急死,1
文,34
求,44
北北,6
小升,1
那年,1
绝七,3
凤鸾,1
九霄,1
绝世,6
炼,1
丹师,1
纨绔,3
感到,4
好像,11
匆忙结尾,1
吾欲,1
成凰,1
放弃,9
担心,5
文风,2
转换,1
轻松,4
爆笑,2
稍微,2
放下,6
心,16
稳定,6
发,12
停,4
通知,13
恢复,1
修养,2
日子,6
书🥰,1
萧萧,1
朱雀饕,1
餮修,1
大人,2
少,21
纳治,1
严雨,1
杨夕无邪,1
白莲,4
醉莲,1
夜爵,1
花瑶,1
乔楚,1
非,9
烟容,1
若季,1
风烟,1
小流,1
火叶,1
卿棠,1
灵衍,1
柳韶,1
白烛,1
阴,1
承认,1
全能,2
大佬,12
拆马,1
甲,2
喜,8
勿喷,4
⊙,1
∀⊙,1
书来,3
～～,11
脑洞,1
开,24
山路,2
十八,3
弯,2
果断,6
步步惊心,1
~步步,1
紧逼,1
😊,4
嘻嘻,3
占,3
前排,1
支持,40
优美,3
写实,1
剧情,35
开朗,2
结局,48
南瑾,1
萧绝,2
他俩,5
终于,13
在一起,21
生,10
龙,2
凤胎,2
小白,4
周凡,1
玉守,1
十,10
绝终,1
苏苏,1
接受,18
如玉,1
重生,13
他妈,1
受虐狂,1
父亲,5
大哥二哥,1
家破人亡,1
弄,8
流产,3
tmd,1
一块,3
古代,8
美满,1
放,12
炸弹,1
有厌,1
情,4
脑子,7
东西,18
他家,1
老爹,1
窝囊,3
女儿,14
脾气,5
凤凰,2
起🔥,1
确实,6
哈哈哈哈哈,4
唯一,11
耐,1
性子,2
章节,25
顾景云,1
搭头,1
年前,4
救,7
原女主,1
男朋友,3
张,13
脸,5
移情,1
提起,2
膈应,1
身体,14
乱糟糟,1
费劲,2
玩意,1
分开,5
迫不及待,1
想要,15
沈婧,2
周律,1
沉,1
救命,2
上头,1
沉浸,5
气,1
屯,2
有人,14
踢,2
寫,3
什麼,1
時候,1
虐,10
周公子,1
這樣,2
吊著,1
煩,1
氣,1
女生,3
介绍,4
老二,3
12345,2
花儿,1
谢,2
求爆,1
明殊,14
入坑,12
初筝,16
坑底,1
躺平,1
时笙,19
墨泠,2
追到,2
灵琼,6
迎来,1
女鹅,1
花雾,4
哇哇,2
剧荒,1
月光,3
朱砂痣,1
惨,4
心疼,15
千年,1
变,4
平静,2
遇见,6
抱抱,2
外表,3
冷漠,7
内心,15
一塌糊涂,2
记得,12
笑,11
合不拢嘴,1
撕心裂肺,1
久,16
缓,1
疯狂,3
仙女,8
陪伴,7
陪,10
熬,2
初三,2
痛苦,6
时光,6
世界,22
照进,1
束,2
平淡,4
无味,1
墨,4
冷,5
永远,9
好多,9
接,1
冲杯,3
咖啡,4
杯,2
赶稿,1
困死,1
片,2
心意,4
删除,2
无语,5
触动,3
刘疆,1
早料,1
卢萦,3
男儿身,1
风风雨雨,2
波涛,1
汹涌,1
心平气和,1
女子,14
古时,1
世间,6
皆,7
攀附,1
夫家,2
生存,3
一句话,3
便定,1
权利,6
娘家,1
嘴里,1
口口声声,1
平等,3
实则,1
看不起,2
悲催,1
卢萦活,1
男儿,3
坦坦荡荡,1
揭开,1
身时,1
世人,4
辱骂不堪,1
惜才者,1
错,4
情字,1
辱骂,2
寻常,1
早就,4
寻死,1
卢萦愿,1
付出,19
名誉,3
刘疆弃,1
照样,3
坦荡,1
念,1
过往,1
财富,1
心计,2
见不得人,1
算是,11
美名,2
天下,3
疯癫,1
身,1
局,1
干净,9
全,12
尸,1
女撩,1
顺手,1
😂,8
四五,1
侦情,2
档案,1
凶案,1
系列文,1
不说,6
别扭,2
生气,7
就说,1
女,57
主滥,1
好人,11
算了,4
自保,2
非要,4
攻击性,1
嫌疑人,1
距离,4
接触,5
受伤,3
伤疤,2
疼,2
田蜜,3
赎陆,1
向东,1
设计,4
田,4
对陆,1
陆来,1
走到,1
轨迹,1
矛盾,6
教育,1
嫉恶如仇,1
拥有,3
同理心,1
家长,2
算田,1
出发点,1
陆说,1
反驳,2
或者是,3
解释,10
明,4
陆,1
家庭,9
前提,1
听,5
戳人,1
不符,1
感受,6
人设,4
一个劲,1
往后,4
缩,1
越,21
季,6
程峰,1
嘉逸,1
想起,4
栋,2
大楼,1
盖好,1
公司,5
老总,1
经济,1
跳楼,1
自杀,1
听说,3
楼,6
闲置,1
十多,1
区区,1
政府,3
搬迁,1
选中,1
吉利,1
区长,1
书记,1
悬挂,1
国徽,1
国旗,1
搬,1
办公,1
有事,6
萧莫,1
jiao,1
真实,14
私生,2
女的,2
身不由己,1
大家族,1
险恶,1
金手,1
指,3
行,13
赢,1
有意思,4
媚公卿,2
水平,2
读,16
媚,1
公卿,1
惨不忍睹,2
夜北,6
姐姐,22
大神级,1
笔下,10
栩栩如生,1
撩人,1
心神,1
活灵活现,3
展现,1
面前,5
阅读,15
心悦,1
这部,14
碍于,1
没钱,1
🌚🌝,1
机会,8
领略,1
文采,2
情感,8
描绘,2
透露,2
人性,3
善,1
恶,3
朋友,11
仗义,1
实力,6
强悍,1
无时无刻,1
吸引,9
梦想,9
女强人,1
大火,2
家人们,1
写出,6
❤️,12
强文,2
神医,2
追完,4
入,2
耽,1
美坑,1
哈哈哈哈!,1
看!,1
代入感,1
尤其是,13
神偷,1
废柴,1
腹黑,5
大小姐,3
自觉,1
看哭,2
逆袭,1
太过,2
简单化,1
意见,3
多谢,2
衷心,2
朋友们,6
愉快,6
❤,8
☆,1
吉祥如,1
意☆,1
入围,1
华语,3
大赛,3
总榜,1
2019年,1
1月,2
24日,1
2月,2
14日,1
添香,3
打榜,5
铁雪,2
云烟,2
赛区,2
本文,9
送,13
颗,7
免费,9
爱心,5
步骤,1
打开,3
读书app,1
登录,2
点,16
右侧,1
礼物,8
标着,2
图案,1
下方,1
完毕,1
送出,1
期间,6
位,13
用户,2
顺心如意,1
奇妙,1
异境,2
旅,2
粒,3
玉米,1
崩成,2
爆米花,3
绽放,1
炸裂,2
美,10
丑,2
丫头,2
爆裂,1
别样,1
猫,1
探带,1
走进,2
兔子人,1
灰驴怪,1
兽人,1
冒险,2
2019,3
你好,4
2020,4
用心,2
时常,3
最先,1
(๑˙,1
ー˙,1
๑),3
跟着,1
华章,2
长～,1
岁月,3
～风吟,1
新年,4
万事,1
开心,12
风,3
拂影,1
哒,10
嫡长,3
傅怀安,2
公敌,2
绯闻,2
总统,3
失望,6
女时,1
惊艳,4
白卿,3
像是,3
演讲,1
心生,4
澎湃,1
最最,2
起码,2
重心,1
理想,1
名门,1
一心,2
心外科,1
实习期,1
时,48
改妇,1
产科,1
转折,3
突破点,1
半段,1
女友,2
反感,1
可恶,2
舒服,6
全程,2
乱,3
如果说,2
秦白泽,1
报复,4
秦白朗,1
理由,9
牵强,3
说客,1
一下子,5
变得,5
建筑系,1
政客,1
硬生生,1
哥哥,9
对决,1
给出,2
对付,4
家里,5
弃文,2
番外,13
仙女们,5
老傅,3
暖暖,3
大结局,5
投票,3
票,8
领先,1
👈,1
记住,2
多选,1
截止日,1
正文,7
那天,4
凌晨,13
12点,1
解释权,2
君😘,1
新文,17
恋爱,8
怂,3
月票,18
方法,3
保底,5
上月,1
价币,2
订阅,14
消费满,1
1000,5
红,6
袖币,5
月月,5
即可,5
数量,2
每月,1
等级,2
vip3,1
有价,1
红袖币,5
赠币,1
>才,1
②订,1
阅月,1
本月,1
消费,3
额度,2
表格,2
数值,1
价红,1
请,32
中心,2
页,2
面~,1
点击,1
比对,1
重复,1
限~,1
赠送,4
10000,1
系统,6
自动,3
投,4
20000,2
抽奖,3
抽到,1
(月,1
票),1
搞,12
充值,1
活动,21
项,1
奖品,2
运气,1
¨,1
ps,2
文一,1
投五,1
大户,1
投别,1
文(,1
优先,1
哈哈哈),1
倒片,3
周日,2
台网,1
周末,1
喝嗨,1
尬笑,1
八十年代,1
下架,3
超级,16
重温,1
遍,28
书架,5
显示,4
只能,16
购买,2
看客,1
别看,1
厉公馆,1
签到楼,1
蹲,2
坑,4
宝宝们,9
爪印,1
(づ,1
￣,2
づ╭,1
❤～,1
签到,1
追文,7
咩,1
码字,3
孤独寂,1
寞冷,1
嗷,15
暖,7
~~,1
无数,5
回顾,2
泪流满面,2
深刻,3
感触,3
厉沉暮,2
变态,3
止,1
不住,13
清欢,3
年少,5
看破,1
红尘,1
清心寡欲,1
无欲无求,1
追求,3
甜甜,7
拼命,2
学习,4
遭受,1
罪,1
苦,6
活得,1
坚韧,2
老谢,1
纪凛冬,2
感慨,3
缘分,3
弄人,1
缘深,1
情浅,1
缘浅,1
情深,1
无可,1
否认,4
苦衷,1
正,5
如厉,1
沉暮,1
出身,1
身居,1
高位,1
害死,3
受,9
高,11
退无可退,1
人格,3
分裂,1
性格,22
无常,1
懂,22
表达,6
不难,1
叶瑾然,1
厉娇,1
厉晟,1
阳,1
谢惊蛰,1
诸人,1
角色,14
崇拜顾,1
历经,3
千帆,1
寡淡如水,1
依然,3
如初,2
永恒,1
尤为,1
可贵,1
纸短情长,1
看透,1
遵从,1
有滋有味,1
成熟,3
闯,2
江湖,2
归来,2
少年,8
模样,1
历沉暮,1
迦叶,1
谢少,2
温楚,1
纪凛,1
冬,1
合体,1
😡😡,1
😡,1
集美们,2
屏蔽,5
删减,1
第十八,3
改成,4
校园,5
介意,2
主,7
救赎,3
避雷,3
初恋,5
未,12
表白,2
短,6
暗恋,5
女朋友,4
双洁,5
对象,5
默默,5
弃坑,6
结束,12
回忆,14
第九十六,1
雪花,1
飘落,1
依旧,11
一百零五章,1
备注,3
灌水,1
意义,2
跳过,1
保证,4
连贯,2
写完,10
标题,6
标注,1
适合,5
跳,6
人生,13
完整,3
四十一,1
二万,1
HE,4
写作,6
过程,2
BE,1
可能性,2
BE版,2
结章,1
承接,1
结尾,5
版本,4
所想,3
攒到,1
申请,7
拖沓,4
原因,11
第二十五,1
作家,5
习惯性,2
细,1
习惯,7
强迫症,3
日积月累,1
夕间,1
改变,7
长久,2
积攒,1
拖,1
吐槽,6
微笑,6
后话,1
There,1
are,1
a,2
thous,2
and,2
Hamlets,1
people's,1
eyes,1
一千,3
哈姆雷特,1
码到,1
三四点,1
骂,10
脑,2
码文,4
白天,5
不码,1
声明,3
全职,2
爱好,2
癖好,1
深夜,2
熄灯,1
音乐,2
躺,3
床,2
手机,5
天文,1
甜虐,1
程度,3
歌是,1
甜歌,1
伤感,2
歌,5
降临,1
灵感,1
充沛,1
补充,3
放到,1
评论区,9
不全,1
资本家,1
白切,1
什么的,7
搞事型,1
莫名其妙,2
花痴,3
形象,8
现代人,2
聪明,2
干练,1
原主,3
怨念,1
犹,1
公子,4
恩怨,2
纠缠,1
八辈子,1
欢喜,3
差点,8
控制,4
16,3
7岁,1
男孩,1
纸,1
渐渐,1
好感,2
赵皇,1
碰,3
一波三折,1
这位,3
幸拜,1
初中生,1
花,12
周,4
饭钱,1
记,4
文里,1
评分,2
特地,1
买,13
册,1
初中,2
难忘,2
报考,1
中医,2
学校,1
学针,1
推,3
这不,5
太太,6
算,12
缘,3
兜兜,3
转转,3
找到,12
万千,2
毕生,1
相遇,6
哈喽,1
柚子,4
甜文,2
老肖,2
荞荞,2
典型,1
两面派,1
嘴,2
嫌弃,4
要命,2
我家,2
敲,4
软萌,1
温柔,10
炸鸡,1
Beer,1
双击,1
篇文,3
下班,2
回家,7
累,3
抄袭,4
拿出,3
证据,7
想到,11
大神,3
明星,2
闭嘴,2
选项,1
短文,2
在知乎,1
残寒兴,1
I'm,1
oJ,1
iIiluuXuuyyyyyyyyyyYyyyyYy,1
随手,2
小品,1
虐文,5
甜宠,5
够,5
地虐,1
讲,7
养成,3
系,2
倩倩,1
老魏,3
过关斩将,2
走上,2
美好,13
花路,2
护妻,1
帅气,1
误会,5
忽略,1
迟钝,1
哈哈哈哈哈哈,2
包括,5
一刀切,1
安全感,2
碎碎念,2
～(,3
o^,1
^o),1
刚刚,6
宠文,3
狗,14
血误,1
血失,1
忆梗,1
类似,4
变强,1
脸虐,1
中午,1
12点05分,3
18点05分,2
如题,1
固定,3
15点05分,1
每日,4
童鞋,2
留点,1
红豆,9
推荐票,1
司司,4
五星,2
好评,3
拜托,5
加更,8
推荐,11
章评,1
疑惑,1
南,1
配角,4
滴,2
滴滴,1
七点,1
准时,4
提前,4
告知,2
上架,22
24点,1
主好,4
满脑子,1
厉,1
大哥抢,1
老婆,2
龙王,2
阿醒,1
醒,1
翩翩,1
天生,4
好听,1
情话,5
初生牛犊不怕虎,1
执着,2
青梅竹马,3
仗剑,1
天涯,2
酆一量,1
死不悔改,1
一言不合,2
毒舌,1
霸道,9
狂风,1
暴雨,1
有生之年,1
独宠,1
同生共死,1
一如,2
绝恋,1
感言,1
虎牙呦们,1
一如既往,3
小可爱们,9
留言,7
评论,33
22,5
撒些,1
红豆子,1
感激不尽,1
宝贝们,8
虎牙呦,1
留下,6
尽力,1
摸,2
摸头,1
美♥,1
😭😭,4
仓促,3
遗憾,10
写下,1
完善,1
前边,1
粗糙,2
白灵,1
无语无语,1
短篇,1
巧克力,1
微博,10
冒个,2
泡,3
仪式感,1
开书,2
老祖宗,4
偏爱,6
礼袋,5
计划,3
十五,1
值钱,1
玩意儿,1
一点点,10
织条,1
围中,1
零食,1
信,2
日历,2
透卡,1
朝柔cp,1
卡,3
头秃,1
编,1
年环,1
可选,1
许愿,2
图片,1
浪漫,4
事儿,2
输给,1
不用,12
三点,3
整,7
繁复,1
太过于,1
简平,1
恰到好处,1
大学,3
完美,7
许岁,1
宴an,1
d今,1
暮知,2
许岁宴,4
枯燥,1
疲乏,2
建筑,3
学,2
今暮,1
知,5
活成,1
榜样,1
目标,4
体贴,2
幸运,7
谢长,1
风and,1
江融,2
工程,2
谢长风,4
酒,3
足以,1
辜负,3
其他人,8
终究,5
圆满,1
余生,2
只余,1
深,9
转身,1
错过,3
年后,1
遇,3
只得,1
几月,2
相守,3
姜,3
鱼,10
竹马,2
天降,2
选,2
答复,1
姜鱼,1
选择,18
对不起,5
留在,1
青春里,1
今听,1
昀and,1
南晚,1
分析,1
游戏,8
打法,1
斗嘴,1
假装,3
不耐烦,1
许家,1
许承风,3
许成业,1
行业,4
基建,7
司屿,1
叶戚,1
老纪,1
领域,1
闪闪,1
发光,2
帮,16
立意,2
致敬,1
发展,8
照顾,3
事故,2
秦师傅,1
名字,12
奔赴,2
乘风,2
项目,2
聚集,2
代,2
有许,1
承风,1
一辈子,2
海外,1
蛰伏,1
隐姓埋名,1
座,6
跨江,1
大桥,1
心情,10
久久,1
平复,2
大学生,1
专业,4
俗话说,1
生化,1
环材,1
天坑,1
向前,1
相见,3
口拙,1
评价,1
唏,1
宝贵,1
书龄,2
题材,4
挑剔,1
无比,3
看林,1
家成,1
南北朝,1
堪称,1
经典,4
特色,2
傍晚,1
阳光,5
正好,1
👎,1
站,10
姐弟,1
手误,1
点错,1
这就,13
喵喵,1
相像,1
沉思,1
抑郁症,1
明天,10
累活,1
累好,1
有时候,6
都会,9
感同身受,1
悠然,3
南山,1
偏激,1
大爷爷,1
思考,2
微光喵,1
喵团,1
现实,16
撒向,1
灰暗,1
充满,5
谢谢,20
楔子,1
～愛,1
內斂,1
一道道,1
微光,2
淺淺,1
淡淡,3
香,1
虎爺,1
總有,1
深深,4
濃濃,1
意,1
悔,1
虎虎,1
文来,1
💐💐💐,1
放入,1
🌸,1
宝子们,6
28号,1
假,8
挂,3
水,4
没空,1
年假,1
欠,3
补,3
总共,1
七章,1
记着,1
初一,1
放假,1
陆续,1
求个,1
红袖月票,1
伸出,2
发财,1
小手,1
票叭,1
好友,1
推个,1
文飞,1
升成,1
虚拟,2
偶像,2
无cp,2
爽文,3
玄学,7
直播类<,1
br,12
>【,1
直播,4
】<,2
br>,11
晏乔,5
暗算,1
轩辕国,1
玄器,1
(手机,1
开局,2
>想,1
实体化,1
<br,8
失踪,3
掐指,1
藏,7
门牌号,1
<br>,12
亲生,2
中邪,1
生肉,1
隔空,1
掐诀,1
现场,1
火烤,1
魑魅魍魉,1
>粉丝,1
哭诉,1
午夜,1
凶铃,1
不堪其扰,1
灵手,1
摆卦,1
解决,8
二十年,1
凶杀案,1
末法,1
时代,4
各国,1
异能,1
文化,3
如火如荼,1
樱都,1
阴阳师,1
隔岸,1
虎视眈眈,1
北雪国,1
魔,1
法师,1
女巫,1
剑拔弩张,1
临海,1
鲛人,1
佛系,1
隐居,2
轩,1
辕国,1
没落,1
自己人,1
古板,2
莫不是,1
误解,1
嗨,1
无敌,2
所向披靡,1
加,9
科技,1
爹地,1
坐等,3
速,1
注册,1
修文,1
布局,1
逗比,3
爱请,2
深爱,2
弃不弃,1
不等,3
信任,2
修改,7
篇,11
现,1
原,4
影子,1
一点儿,1
符合,7
逻辑,9
角有,1
暗香,1
清风,2
自来,1
改文,2
反对,1
声音,4
翻,2
长评,5
清穿,4
改,13
完文,1
设定,23
书删,1
回头,2
书荒,3
淘到,1
不错嘿嘿,1
身世,3
猝死穿越,1
开头,3
张力,1
换成,2
师傅,1
师,1
兄弟们,2
好奇,9
别离,1
新世界,1
挣扎,2
动力,4
不可思议,1
阙,1
牛宝宝,1
归辞渊,1
记忆,4
🐴,1
好不容易,4
进展,2
键,1
清零,1
后期,7
修罗场,1
不近人情,1
情味,1
😉,1
剧情金,1
傻,3
姑娘,12
深沉,4
育灵环,1
直线,1
下跌,1
😂😂,7
只不过,4
层,2
保护色,1
本事,1
变多,1
新增,1
小纸,2
呜呜,7
看点,1
看法,2
迎合,1
少华,2
亲,6
还望,1
定时,4
容错,1
(´,2
ω,1
`),2
超给力,1
💃💃,1
💃,1
超好,7
谢珏,1
方楚宁,1
嗑,2
妙,1
有钱,4
娇气,1
病娇,1
美人,3
心动,3
大分,1
等待,4
柔弱,1
凤妤,1
小候,1
爷造,1
反,2
神人,1
短片,1
傅,2
安然,1
V,1
S谈案,1
说情,1
土味,1
虏获,1
芳心,1
傅靳恒,2
宋,2
堇安,1
怀疑,3
宋警官,1
缺点,5
宋堇安,1
破天荒,1
问,13
离近,1
远点,1
坐,2
资料,1
口是心非,2
惹,4
灰常,2
正经,2
检察官,1
追高,1
大大求,2
轻虐,1
求加,1
回复,11
代表,6
网页,1
后台,6
谅解,1
下哈,1
厌,2
丢,2
打赏,9
美的,1
槿郗,1
手动,1
抽风,1
断网,1
亲们,9
九点,1
十点,2
发誓,3
算匍,1
匐前,1
网吧,1
六千,4
去加,1
废话,1
小仙,2
女们,1
漂亮,4
篇幅,3
有幸,2
完本,1
😂刚,1
隔壁,3
太困,1
追,18
慢,1
一口气,4
河生,1
墨墨,1
河生会,1
落得,1
老头儿,1
后半生,1
皮肤,1
般,5
形容,5
美罢,1
這,2
男配,2
丈夫,2
時而nc,1
時,2
有情,1
時而,1
精明,1
絕情,1
連半,1
點,1
連貫性,1
沒有,2
亂來,1
好不,3
锦书,2
雁回,2
凉筝,1
雪素,1
鸢,1
薛岚,1
年君,1
姚,1
阿岚,2
怀念,1
意气,2
风发,2
少女,5
大哥,4
永生,2
永世,2
雪永夜,1
林不坏,1
反派,2
令,10
同情,3
无恶不作,1
借口,3
飞升,6
带上,1
二哥,2
鸢二,1
魔族人,1
鬼修,2
魔族,1
公平,2
云中,1
寄,3
锦,1
雁字,1
回时,1
满西楼,1
诗意,1
晓晓,1
51,1
be,2
弱,2
猜宁,1
流筝,25
眼中,5
外貌,2
说起,1
自嘲,1
朵,1
雏菊,1
貌美如花,1
苗苗,11
同学,2
偷看,1
日记,1
怂恿,1
糟心,2
男二,10
极美,1
双,7
眼睛,5
总说宁,1
星光闪闪,1
秋水碧波,1
文中,1
写宁,1
拿酒,1
精擦,1
脸时,1
气质,4
女孩,6
跳舞,2
简单,3
强大,3
嫁给,6
宁至谦,3
爱而不得,1
勇气,1
心疼宁,1
乐观,2
婚姻,1
面对,8
孤寂,1
忧伤,2
诉说,1
承担,1
通透,3
温宜,2
心结,1
劝,1
自已,1
轻易,1
伤害,7
无所谓,1
处,7
伤,1
宁家,1
父子,1
办法,6
逃避,1
大爱,1
庙会,1
抢救,1
病人,1
手术,3
做完,1
渺小,2
治病,3
医命,1
宁想,1
承载,1
大度,3
大气,4
承受,4
包容心,1
全盘,1
坚韧不拔,1
品质,3
坚守,4
某种,1
数十,1
一日,3
传统,1
东方,5
特性,2
温润如玉,1
润物细无声,1
做为,2
小女人,1
娇俏,1
灵动,1
热情,1
迷糊,1
视为,1
怜惜,1
自怨,1
自怜,1
洒脱,2
觉,3
痛快,1
拜拜,2
懂事,1
宁医生,1
想想,6
交给,1
方团长,1
13年,1
心酸,2
谦谦君子,1
打群,1
架,3
爱让,1
至谦,2
19：30,1
10：30,1
斯斯,1
帝王,2
半辈子,1
孤独终,2
斯斯重生,1
啧,1
重生文,2
明艳,2
赵二,1
囚禁,1
压抑,4
撞墙,1
只管,1
看山,1
看水,1
管朕,1
实不相瞒,1
骚容,1
神仙,3
明人不说暗话,1
简介,12
皇子,6
嫁,3
登基,1
大臣,1
塞满,1
后宫,10
女人们,1
清醒,1
沾满,1
污泥,1
播种机,1
愤懑,1
恶制,1
踢进,1
冷宫,3
苟,1
十四,1
时机,1
掌控,3
命运,5
荣幸,3
主选,1
扫进,2
大扫帚,2
制定,1
横行,2
意外,8
圈定,1
一方,3
高墙,1
如何化,1
悲愤,1
天地,2
挥舞,1
宫,1
奇怪,1
类型,4
天一,2
开新,2
表面,1
酷内,1
到时,2
笙,2
开干,1
明叔,1
货属性,1
背后,1
琼神,1
背叛,3
短暂,2
蛇精病,1
属性,1
嘿嘿嘿,4
宁月,1
宁天明,1
一家,1
团聚,1
66666,2
😂姜哥,1
同步,1
~❤,1
️,2
腐女,1
性质,2
发挥,1
淋漓尽致,1
☺☺,1
阿珍,1
阿强,1
首,4
恭喜,3
撒,2
实话,2
拖拖拉拉,2
报答,3
亲人,8
去世,4
力所能及,1
帮下,1
人才,1
白莲花,1
攀上,1
谈,3
不得委,1
屈死,3
娶,8
凭什么,2
委屈,1
讨厌,12
妈的,2
软,2
卑微,6
太心,1
心软,2
女总,1
一生一世,1
人且,1
身心,2
告辞,1
皇妃,1
娇养,1
👌,1
11月,1
30日,2
5万,1
跪求,5
大大们,1
真慢,1
写稿,1
枯竭,1
没事,2
审,2
低落,1
重码,1
效率,2
低,3
托到,1
哭唧唧,1
跪安,1
写书,1
包容,4
藏头,1
姓,5
旗幡,1
引路,1
五云飘飖,1
飞上,1
八月,3
江南,3
阴复,3
晴,3
零落,1
成泥,1
碾,1
作尘,1
二月,1
山城,1
微酸,1
著枝,1
四气,1
推迁,1
往复,1
一行,1
字顺,1
连成,1
数字,1
进裙,1
看懂,2
玩,2
裙内,1
时发,1
福利,5
捂脸,1
玩耍,1
宝在,1
前任,1
叔怀,1
娇求,1
李之纯,1
文案,1
苏晚絮,3
当红,1
花旦,1
订婚,1
热,1
搜爆,1
竟是,1
拉黑,1
渣男,7
甩,1
巴掌,2
男悔,1
半夜,2
猩红,1
双眼,1
敲响,1
房门,1
哪料,1
一身,2
白色,1
浴袍,1
脖子,1
枚,1
口红,1
印,2
矜贵,1
斯文,1
难以,8
置信,1
结巴,1
小叔,1
白璟,2
珩眯,1
着眼,1
揽入,1
怀中,1
抚着,1
脸颊,1
吻,1
抬头,1
某人,3
婶婶,1
白嘉逸,1
垂眸,1
落荒而逃,1
谈恋爱,3
第N,1
风言风语,1
苏晚,1
絮趴,1
珩怀,1
撒娇,1
阿珩,1
白月,3
白璟珩,2
低笑,1
出声,2
轻咬,1
耳垂,1
道,1
当年,5
喊,3
声哥,1
哥起,1
佛注定,1
诱,1
沉沦,1
入迷,1
某次,1
颁奖,1
典礼,1
晚絮,1
台上,1
光芒万丈,2
观看,3
众多,1
追求者,1
直呼,1
女神,2
角落,1
五哥,2
地位,3
保,1
黑眸,1
微暗,1
当晚,2
沙发,7
逼问,1
枝枝,1
打算,5
狡黠,1
翌日,1
热搜,1
引爆,1
国名,1
影后,2
白五爷,1
领证,2
全网,1
沸腾,1
公告,1
服务,2
器崩,1
赶修,1
ok,2
上传,1
旧文,1
结,1
袭,1
筹备,2
拨,2
福利返,1
燕陌书,1
友群,1
群聊,1
号码,1
544256853,1
福利多多,2
来撩,1
入群,2
提交,1
vip订,1
阅图,1
思忆,1
自难,1
忘情,1
清梦,2
刀,1
命,2
在所不惜,1
慕枫,2
紧紧,1
抱,6
强吻,1
耳边,1
喃,2
夫君,1
呜呜呜,2
潦草,1
收尾,3
超喜欢,3
看作者,1
烦请,1
梗,1
看求,1
脸假,1
千金,3
前期,5
铺路,1
认错,1
前世,8
宿敌,1
真假,3
恩人,1
替嫁,1
婚约,1
十六,1
修炼,3
十章,1
内容,11
辛绾,8
融程,7
深厚,3
刻,1
骨子里,2
在心,1
牢不可破,1
拆散,1
辛婉,1
珵宝,6
妞妞,2
某女,1
亲密,2
压根,2
粟家,1
低谷,1
扛,1
自责,1
悄无声息,1
殊不知,1
无价之宝,1
相爱,6
揣测爱,1
所需,1
何不,1
懊悔,1
永久,2
乐意,1
排忧解难,1
操心,2
久而久之,1
可怕,1
闷,2
闹真,1
天生一对,1
柳,1
承飞,1
坏人,1
父母,4
离异,1
摊上,1
柳意,1
妈,2
可怜,6
用错,3
可恨,1
安静,1
新坑,2
交待,1
云,2
雾,1
追书,1
甜抑,1
多虐,1
魏枝,3
林炎越,2
成,7
普普通通,1
凡人,3
重任,2
天君,1
修仙,1
资质,1
一世,15
苦难,1
未免,1
残忍,1
误,3
长生,3
林炎,1
越求,1
白头,1
夫妻,6
实体书,3
不禁,3
九曲十八弯,1
跌宕,2
起伏,2
主历,1
经万,1
磨难,1
终换,1
转世,1
永无以后,1
娃,2
200,1
水灾,1
白眼狼,1
无脑,4
极品,3
啥时候,1
认出,1
主跪,1
磕头,1
邓九,1
逼迫,1
眼泪,2
汪汪,1
逼,1
坦白,1
该报,1
作弄,1
权力,3
压,3
臣服,1
诚意,2
恨死,1
出出,1
恶气,2
百般作弄,1
主事,1
事向,1
报备,1
隐私,1
查,4
恼,1
算计,3
损失,2
无奈,3
举,5
欺负,2
欺瞒,1
顾及,1
拿铁,1
链锁,1
主人,3
头,4
蹲下,1
分明,3
主当,1
宠物,2
养,8
找茬,1
完完全全,1
卑劣,1
手段,2
制住,1
消失,3
X,1
﹏X,1
追妻,2
火葬场,1
安排,3
500多,1
坚毅,2
聪慧,2
萧白夜,1
判宗,1
那回,1
前途,1
原谅,4
得救,1
忍心,3
怪物,1
圣母,7
仇人,3
不忍心,1
无趣,1
往下,3
跳跃,2
漏,1
细节,5
晕死,1
做人,1
低调,1
一步一个脚印,1
金手指,2
捷径,1
存,2
50,3
猪宴,1
采购,2
专员,2
宋檀家,1
领导,1
赶紧儿,1
问候,1
老板,1
粮,1
结撒,1
花🎆,1
度过,3
盼星,1
星盼月,1
亮,1
快些,1
超舍不得,1
看文,8
推动,1
有趣,2
舍不得,11
呆萌,1
朵朵,2
憨,1
胆小,1
富贵,1
傲娇,4
醋王,1
柒爷,2
唠叨,1
护短,1
曲母,1
鸡,1
龙爷,1
爱朵,1
温心,1
直说,1
青怡,1
舍不得凉,1
乔碧佳,1
导演,1
乖巧,2
听话,1
木木,1
大鱼,3
趣且,1
属,1
实令,1
熬夜,3
写文,2
秃头,2
秃,2
慌,1
窝爱,1
敬请,1
书叭,1
搞笑,2
淡定,1
彪悍,1
好多时候,1
忽悠,1
影帝,1
书币,2
一万字一章,1
五万,2
在线,4
(ಥ,1
﹏ಥ,1
满月,2
HZ,1
M,2
Y,3
看遍,1
马甲文,2
书友,1
找找,2
迷住,1
千篇一律,2
文多,1
刷完,1
踢踢,1
个手,1
手🙋,1
🙋🙋,14
🙋,1
君,4
无邪,1
手,2
无邪人,1
狠,5
成功,2
刺绣,1
比赛,1
热血,1
emmmmm,1
血,5
周天林,1
硬生,1
生把,1
初夏,1
优柔寡断,3
6666666,3
架爆,1
没法,1
😱😱,1
长庚,1
楚河,1
家人,7
守护者,2
却实,1
👋👋,2
👋,1
终版,1
回去,7
3月,1
1号,1
开篇,2
错别字,4
体验,2
•᷄,1
ࡇ,1
•᷅,1
嫡女,3
废寝忘食,1
大半夜哭,1
稀里哗啦,1
赚足,1
填,1
战死,1
卸,1
家,18
国好儿郎,1
哭死,1
板凳,1
行😂,1
揭晓,1
容颜,1
楚家,1
看急,1
甜(,1
^^,1
范儿,1
十足,2
戏弄,1
心切,1
文撩,1
事后,2
早早,2
好生,1
心烦,2
催文,1
催紧,1
联合,1
姐妹,4
训斥,1
洛冰河,2
沈清秋,2
薛洋,2
晓星,2
尘,3
蓝忘机,2
魏无羡13年,2
夜华,2
白浅,2
300年,2
孙悟空,2
唐僧,2
500年,4
宇文拓,2
宁珂,2
花城,2
谢怜,2
800年,2
风晴雪,2
百里屠苏,2
900年,2
龙葵,2
龙阳,2
1000年,4
白娘子,2
许仙,2
易,2
小川,2
玉漱,2
2000年,2
苏九儿,2
封夕,2
3000年,2
夕瑶,2
飞蓬,2
几千,3
紫萱,2
长卿,2
三生三世,2
某天,2
日,4
虚弱,1
脸上,2
掩盖,2
苍白,1
嘴角,2
微微,2
带笑,1
手微微,1
颤抖,1
眼角,1
泪光微闪,1
嘶哑,1
喃道,1
年纪,3
轻轻,4
经天纬地,1
定国,1
安邦,1
智,2
古,1
人云,1
凤,2
雏,1
安天下,1
而今,1
天佑,1
大中华,1
沧海桑田,1
5000年,1
中华,1
神州,1
平地一声雷,1
飞沙走石,1
大舞,1
迷天,1
朦胧,2
只见,1
顶天立地,2
金,1
甲天,1
神立,1
间,7
手持,1
双斧,1
目如,1
电,2
一斧,1
混沌,1
初开,1
斧,2
女娲,1
造人,1
小生,1
倾倒,1
实耐,1
幸,2
民之福,1
喜极而泣,1
本手,3
妙手,3
俗手,3
围棋,1
术语,1
合乎,2
棋理,1
正规,1
下法,3
指出,3
意料,1
精妙,1
全局,1
受损,1
精通,3
棋术,1
迷失,1
棋盘,1
发生,5
天翻地覆,1
捉摸,1
无从,1
下手,1
手棋,1
通宵,1
身经百战,1
双手,2
迷人,1
怦然心动,1
前天,1
查出,2
重度,1
抑郁,2
缓解,1
过分,2
钱,6
3w,1
够立案,1
借条,1
字据,1
微信,1
早已,1
互删,1
字眼,1
支付,2
宝上,1
转账,2
记录,2
派出所,1
发给,1
宝点,1
歪,1
小心,5
点开,4
顺便,1
请问,2
特么,1
实在,7
一眼,3
万般,1
挂念,2
同意,1
窥探人,1
梦境,2
消息,3
墨烨,5
墨烨心痛五年,1
祖父,1
心痛,7
来杀,1
方外之人,1
察觉,1
蒜,1
凤九,1
唐宁,8
懵懂,1
唐师,1
南宫,4
凌云,3
~唐宁,1
吸毒,1
真相,3
偏执,4
固执,4
见证,5
傅知,1
和尚,1
封建,2
礼教,1
影响,5
相夫教子,1
出家,2
僧,1
从未有过,1
大胆,1
创新,1
世俗,1
拘束,1
快意,1
恩仇,1
鸽子,1
写长,3
评夸夸,1
背景,5
明朝,3
皇帝,13
朱佑樘,2
张皇后,4
很早以前,1
叹,1
王朝,1
夫,2
妻,3
满大街,1
重生梗,1
抚掌,1
大赞,1
夸夸,1
蓁蓁,7
容貌,1
品行,2
性情,1
长在,2
直率,1
从容,1
主见,1
矫揉造作,1
乱七八糟,1
宫闱,1
消磨,1
心气,1
练出,1
沉稳,2
玲珑,1
待人,1
处事,2
吹吹,2
历史,16
思量,2
好耶,1
大大圆,1
心愿,1
重活,2
长命百岁,1
阿鹿,3
全书,1
出生,3
蛊而不得,1
视物,1
遭,1
满门,2
屠,1
剜心,1
痛,3
舍,1
性命,1
祭阵,1
满身,2
伤痕,1
幸好,6
得以,5
一睹,1
姿容,1
相衬,1
绚烂,1
人间,3
钟意,1
里头,1
沉冤,2
昭雪,1
旧怨,1
尽释,1
佞臣,1
伏诛,1
诤臣,1
明君,1
佐,1
错失,1
良缘,2
再续,1
听旁人,1
be比he,1
印象,4
其意,1
难平,1
喜上,3
眉头,3
生硬,2
伏笔,3
撑起,3
庞大,3
格局,2
心怀,1
善意,1
灿烂,1
盛世,2
所感,1
尽表,1
平行,2
时空,2
祝靓仔,1
婉兮,1
谢世叔,1
箐箐,1
宋表哥,1
锦儿,1
张大哥,1
阿荔,1
棉花,1
眉娴,1
齐将军,1
靓,1
意无忧,1
心欢喜,1
相忘,1
诸事,1
顺遂,2
万事胜意,1
神,1
樘,1
明孝宗,1
朱佑憆,2
儿子,9
张眉寿,1
孝康,1
静皇,1
张氏,1
张峦,1
皇上,5
朱厚熜,1
打压,1
杀死,1
妻制,1
大大打call,1
总会,4
即安,1
幸而,1
今生,1
弥补,1
放肆,1
敞开,1
心扉,2
繁华,2
过后,3
合适,3
最初,6
五千,1
喜秦,1
宋朝,1
孝宗,1
时期,3
政治,1
虚设,1
浮生,1
东风不换三千,1
宠,9
弥足,1
珍贵,1
金夫,1
许久,2
闲适,1
随意,2
娓娓道来,1
功底,1
文间,1
违和感,1
陈寅,1
好心疼阿鹿,1
类,3
侦探剧,1
66666666,1
爸妈们,1
撮合,2
难不成,1
阻碍,1
搅局,1
二号,1
角色们,1
唐,3
自尊心,1
后遗症,1
心病,1
自拔,2
季若,1
姑姑,2
好惨,1
归宿,2
下辈子,2
顺风,1
顺水,1
这辈子,1
罪换,1
成下,1
辈子,1
福,1
一刻,2
季静,1
珍惜,2
岁,9
山上,1
打猎,2
野兽,1
娘,4
公,1
主命,1
公主,10
病,5
庄稼汉,1
细米,1
野鸡肉,1
嫌,2
好吃,1
上山,1
哪来,2
恶人,1
仁慈,2
干脆,1
开会,1
新求,25
新人,6
之初,1
性本善,1
坏蛋,1
赞,3
办砸,1
锅,1
卖,3
铁,1
毛半,1
赚,1
求求,1
愁眉啼妆,1
秀色可餐,1
朱唇皓齿,1
秀外慧中,1
冰清玉洁,1
出水,1
芙蓉,1
美如冠玉,1
梨花带雨,1
明眸皓齿,1
婀娜,1
多姿,1
仙姿佚貌,1
双瞳剪水,1
风华绝代,1
呗😍,1
😍😍,1
鸭,4
神马,1
噢～,1
采纳,1
位面,4
啾咪,1
ʃƪ,1
˘,2
³˘,1
)～,1
卧槽,1
常理,1
出牌,1
特,2
必火,1
小三,1
平常,4
田文,1
亲戚,2
胖子,1
磨磨,1
唧唧,1
一千多,2
打脸,3
爽,2
视觉,1
亲爱,2
参加,3
应援,6
发段,1
评,2
⊙o,2
⊙),2
10月,1
11日,1
28日,1
神秘,3
奖励,4
吹爆,4
笔风,3
爱不释手,1
笔,2
肤浅,2
浮夸,1
傻白甜,1
夸张,1
稀饭,1
超甜,2
甜而不腻,1
懵懵懂懂,1
女士,1
小孩,3
90多,1
高甜,1
解开,1
鼓励,3
暖婚,2
甜入,1
骨,1
许许多多,1
小事,2
闹,2
离婚,3
这样子,1
沦陷,2
沉迷,1
秦柏聿,1
砚时柒,1
恩爱,2
期望,3
凌梓,2
欢,2
配是,1
二叔,1
木头,2
漫西,7
吸吸,1
Q阅,1
赶来,1
漫西吖,1
💪,2
忠粉,1
致命,6
偏宠,3
约么,1
ˉ͈,2
̀꒳,1
́,1
)✧,1
苏柳,1
玄幻,1
漫画版,1
鬼医凤九,1
至尊,1
瞳术,1
仙帝,1
独宠绝,1
世丹,1
医祸,1
版,1
魅医,1
倾城,2
慕颜,1
学魔,1
神狂,1
创意,1
整体,5
啰嗦,2
冲鸭,2
♡,7
宝贝,5
追哒,1
笙笙,1
冷正式,1
上线,4
关注,7
12号,1
上午,4
急急,1
备稿,1
间断,1
小伙伴们,1
多多多多,1
哈哈~~~,1
~~~,3
么哒,3
笙笙冷,1
四章,1
够火,1
文更,1
勤,1
燥,1
比心,3
一百五十一章,1
蒙圈,1
哈哈哈～,1
成亲,2
王爷,3
暴富,2
天壤之别,1
简陋,1
幼稚,2
厌恶,1
羞辱,1
粗野,1
功夫,1
尼玛,1
云暮,2
云凡,1
办(,1
・o,1
李银,1
淑捏,1
猜,1
干,5
云凡凡,1
学诗词,1
悲伤,3
满宝,2
农家,3
福女,3
改进,1
音色,1
好气,2
红红火火,1
🫠,1
🫠🫠,3
题目,1
诙谐,2
欲罢不能,1
拍戏,1
波澜不惊,1
懂🌚,1
为啥,3
初雪,1
林西牧,1
凤瑶,1
颜墨,1
白好,1
深情,2
好长,2
心惊胆战,1
雪琪,1
白家,8
丢失,1
寂寞,1
碰到,2
哈利波,1
特文,1
早,2
无推日,1
打底,2
推时,1
祁,3
倾儿,3
打动,3
萌,2
粉丝,8
短短,1
一点一滴,1
铭记在心,1
投入,1
大笑,1
情绪,6
牵连,1
休息,5
哑然失笑,1
当做,1
收,1
收费,6
不易,1
辛苦,6
几点,2
说法,1
主作,2
家暴,2
阴影,1
自卑,2
换作,1
与生俱来,1
提出,1
上千,1
倍,1
抬不起头,1
己所不欲勿施于人,1
路线,1
感兴趣,1
利用,4
些许,1
檀忆,1
愧疚,3
肯定,8
床事,1
这时候,2
乱七八遭,1
更文,1
舌头,1
没尝,1
拆C,3
P,5
幻璃,1
神君,1
嫌难,1
喝,5
审核,2
放出,1
倒,1
明早,1
晚安,2
修,3
电线,1
忙碌,1
修好,1
电脑,3
迟点,1
勿,1
mua~,1
宿主,1
拆cp,1
句子,1
摘录,1
集,2
长期,1
੭,2
ᐕ),1
好蠢,3
智商,5
从没,1
认务,1
迷,1
区别,1
小号,2
秘闻,1
娱乐圈,3
危险,4
任务者,1
业务,1
手里,2
握,1
张牌,1
网骂,1
主气,1
林清清,1
低级,1
绿茶,5
害,1
一姐,1
强制,1
主写,1
配,2
抽,1
月度,1
会员,1
月底,1
抓紧,2
见字,1
完事,1
反转,1
铺垫,2
文看,1
好久,5
赎文,1
上辈子,3
拯救,3
银河系,2
疼爱,3
甜😁,1
😁,3
轮到,1
出个,1
炒鸡,1
大声bb,1
告白,1
嘴型,1
前必,1
走错,2
片场,1
串门,1
秒,4
鸡冻,1
换气,1
短路,2
失灵,1
～去,1
吴哥窟,1
操作,2
猝不及,1
防🙈,1
爆更,2
紧张,3
穆远,3
牺牺,1
潜艇,1
抓,3
杰克,1
墨遥,1
出场,3
夜初,3
描述,3
无聊,4
少点,1
豌豆,6
答谢,2
预热,1
中～,1
特意,2
ID,1
头像,2
玺,1
可爱们,2
女配,10
礼品,2
心意哟,1
参与,4
伙伴,1
试试,2
手气,1
哟～,1
抢先,1
喔(,1
^▽,3
芷瑶,1
艰辛,2
相互,3
扶持,2
看好,2
澈哦,1
端午节,2
高考,2
成绩,2
粽子,1
๑˃,1
̵ᴗ,1
˂̵,1
)و,2
排雷,1
讨厌人,1
桥段,1
复仇,3
癌症,1
出轨,2
逼婚,1
后边,1
还原,1
小清新,1
治愈文,1
提插,1
时写,1
开启,3
重回,1
Ծ‸Ծ,1
主双,1
治愈,4
emmmm,3
神经质,1
多愁善感,1
小心思,1
五十多万,1
日常,3
四千,4
两千,2
催加,1
存稿,1
现打,1
追更,2
早上,3
主C,1
阮元,1
宋宵,1
副CP,1
提,8
更改,1
禁止,4
提与,1
KY,1
清理,1
一百六十五,1
165,1
晚点儿,1
聊,1
伤心事儿,1
宝藏,2
干饭,1
魔法,1
狂属性,1
寻,1
啦٩,1
(๑,3
^o,1
^๑,1
)۶,1
耶(,1
´▽,1
｀),1
ノ♪,1
老规矩,2
暖音,1
骨灰,1
姜离盗,1
厚爱,1
红豆豆,1
投给,2
许昭昭,1
吴冲喜,1
哈哈哈,8
不和,1
死去活来,2
强奸,1
灰姑娘,1
家世,2
对等,1
吴恙,1
许明意,1
水到渠成,1
旗鼓相当,1
自然,3
心底,1
暖意,1
书期,1
☺️,1
大女,1
主文,1
流畅,3
思路,4
清晰,4
刷,4
拍成,1
电视剧,1
易寒,2
主子,1
跳章,1
棒棒,5
哒👍,1
👍👍,2
页面,1
(ง,3
ᵒ̌,1
皿ᵒ,1
̌),1
ง⁼,1
³₌,1
₃,1
12,3
23,3
军旅,1
滴～,1
墨爷,1
书嗳,1
˘︶,1
指南,3
玉余,1
别名11,1
唐三,2
斗罗,2
拆,2
三五,1
官配,1
小舞,2
黑玉,1
小刚,1
慢热,1
主金,1
慎入,1
<b,1
r>,1
线略,1
改动,1
尊重,7
原著,2
私设,2
时间线,1
几日,1
诺丁,1
学院,2
碰见小舞,1
020,2
>史莱克,1
入学,1
七怪,1
线前,1
推见,1
面要,1
一会儿,1
友友,3
洗白,5
玉,4
文内,1
倾向,1
捡到,1
至少,4
品格,1
相称,2
捡,2
念头,1
后文,1
称呼,2
大部分,5
敬佩,1
bug,2
理论,3
白嫖,1
武魂,3
殿来,1
上层,1
魂环,1
年限,1
猎取,1
魂兽,1
殿,2
初级,1
人员,1
上报,1
信息,3
大师,1
名号,1
冲突,3
玉小,2
火种,1
基层,1
群众,4
普罗米修斯,1
不明,1
稀里糊涂,1
武器,1
工具,2
平民,1
魂师,1
这方,1
人群,1
意识,3
以往,1
有缘,1
无份,1
下次,2
②至于,1
或早,1
注定,4
app试水,1
是日,1
4000,2
收入,2
试水,1
回到,4
本该,4
架入,1
v,3
入v,2
后移,1
小钱,1
提到,2
友友们,1
自行,1
语气,3
言论,2
如实,1
回答,3
吃饭,1
挣钱,2
发电,1
强硬,1
观念,1
黑主,1
角团,1
试图,1
同人,1
招来,1
打死,1
谩骂,2
娱乐,1
负面,1
木偶,1
泥人,1
按着,1
偏好,1
忍受,1
产出,1
自愿,2
双向,2
自由,2
文底,1
友好,1
阴阳怪气,2
气急,1
骂人,3
超凶,1
缺乏,2
新意,1
白话,1
体会,1
爷爷,2
扭头,1
忘掉,1
成全,2
作风,1
匹配,1
应有,2
古言,8
文男主,1
九皇叔,1
😓~,1
皇叔,2
→_→,1
今明,2
圆子儿,2
这两天,2
老家,1
办事,1
调整,2
裴,4
救美,1
恶毒,3
往死,1
有意,2
无意,3
平乐王,1
灾难,1
看去,1
楚大,1
叶瑾,2
真心,10
逃离,2
豺狼,2
虎豹,2
(o(,1
ﾟ▽,1
ﾟ,1
)o),1
•๑,1
火,3
狙击,2
完免,1
费期,2
PK,2
顺利,1
轮免,1
不懈,2
1万,2
订,3
后天,2
PK呜,1
正版,2
鞠躬,3
地方,8
耐心,3
免费期,1
51章,1
这几天,3
稿子,2
瞅,2
首订,1
pk,2
远,4
终会,1
路口,1
吼吼吼,1
凉拌,1
手青,1
离谱,1
三更,1
票票,2
照单全收,1
顺带,1
捉虫,1
围脖,4
讨论,1
槿郗y,2
质量,1
万古,1
神墓,1
九龙,1
拉棺,1
满汉全席,1
菌,1
哒作者,1
加聊,1
昵称,1
渣作者,1
六点,2
抢菜,1
失败,2
抢,2
小区,1
封禁,1
白菜,1
🥬,1
23号,1
衬,1
波爆,1
解解,1
中途,1
各样,1
暂停,1
现言,1
始有,1
终是,1
承诺,2
七爷,1
如音,1
重视,3
小心翼翼,2
开下,1
写蔺,1
秀,3
奖,3
年中赛,3
pick,3
主男,3
提名,3
刑警,2
兴起,1
不爽,1
反抗,1
傻呀,2
男性,7
特征,2
弄重,2
傻白,3
磕男CP,2
优势,2
不太,3
呆,4
封面,4
常见,3
男子,2
皆丧,1
熟悉,2
浓郁,1
古风,1
气息,1
铺来,1
笔触,1
场景,3
古色古香,1
出彩,1
愣是,1
通红,1
世代,1
忠良,1
皆亡,1
门户,1
十七子,2
永留,1
南疆,1
镇国,1
公携,1
五子,4
十七,4
孙,1
海晏河清,1
万民,1
太平,1
明主,1
倾尽全力,1
皇家,5
防范,1
郎身,1
异处,1
四夫人,3
悲痛,2
撞棺,1
尸身,1
大长,2
白威霆,1
隐藏,2
锋芒,1
放心,2
身后,1
交于,1
荣寿,1
长寿,1
发妻,2
不知,4
保留,2
慕抵,1
责任,2
出嫁从夫,1
暗卫,4
派人,1
保护,7
白家人,2
知晓,1
策反,1
糊涂,1
变故,1
夫人,6
离去,1
亡夫,2
发簪,1
泣不成声,1
岐山,3
婉君,2
担家族,1
世子,2
撑门楣,1
稳固,2
长媳,1
山岳,1
温婉娇俏,1
贤妻,1
大难,1
大局,1
君子,2
大姑娘,2
梦到,2
爹爹,1
娘亲,2
游山玩水,1
爹对娘,1
娘子,1
夫错,1
泪崩,1
白大,3
仇恨,4
长姐,1
二字,1
重,2
鲜衣怒马,1
小白帅,1
满心,1
盘算,2
保全,1
感叹,1
世道,1
不公,1
忠诚,2
良善,1
之士,1
无好,1
下场,2
权谋,4
谋,4
耿直,1
忠义,1
小人,1
见风使舵,1
可比,1
谋权,1
皇位,2
惑,1
人心,3
林家,2
众人,2
推举,1
开国,2
林家人,1
勇有,1
谋才,1
为皇,1
世守,1
成者,1
心胸,1
狭隘,1
夺权,1
权,1
源自于民,1
白骨,1
堆积,1
林氏一族,1
贵胄,1
忠臣,1
缔造,1
大晋,1
猜忌,1
皇室,1
效命,1
葬送,1
江山,4
妯娌,1
股,1
清流,1
嫡出,1
庶出,4
一条心,1
刁难,1
何愁,1
不睦,1
五媳,1
七女,1
品性,1
端,1
氛围,2
同族,1
血亲,1
争斗,1
庶子,1
庶女,1
怨怼,1
欲自,1
尽陪,1
五六,1
丢下,1
刻薄,1
相待,2
嫡庶,1
怎会,1
亲如,1
一母,1
脉脉,1
温情,2
悄悄,4
渗透,1
字里行间,1
尽显,2
胸襟,1
出嫁,1
红妆,1
佳话,1
丧子,1
何其,3
孤儿寡母,1
安生,1
声望,1
剩,1
宵,1
小心生忌惮,1
短评,1
沉浸于,1
沉重,3
何种,1
出心,1
快快,3
手刃,1
仇敌,1
父兄报仇,1
覆,1
林氏,4
皇权,1
说到底,1
高门,2
贵女,2
三姑娘,1
四姑娘,1
公子们,1
做好,2
入赘,1
😄,2
追古,1
言书,1
刻画,4
唯美,2
黑色,1
轿车,1
路灯,1
之下,1
橘色,1
光线,1
交错,1
袅袅,1
细雨,1
晕出,1
一圈圈,1
光晕,1
落,2
宽阔,1
背脊,1
肩膀,2
勾勒,2
轮廓,1
刚毅,1
五官,1
感想,1
观点,4
需,2
慎重,1
不同于,1
大大以往,1
厚重,2
晋国,1
五代十国,1
功臣,1
封公,1
封侯,1
权贵,2
乱世,1
疆土,1
功高盖主,1
做出,2
削弱,1
言重生,1
社会,4
卿姐,7
剧透,2
慎看,1
主对,1
手戏,1
话题,1
飒,3
侯府家,1
当街,1
侯爷,1
对峙,1
大快人心,1
秦朗,1
借着,1
酒劲儿,1
正面,1
直视,1
缘故,1
对手戏,1
幽邃,1
眸子,1
含笑,1
浅浅,2
颔首,1
温厚,1
稳重,4
攥,1
手炉,3
手下,2
收紧,1
心跳,1
由来重重,1
呼吸,1
畅快,1
大大文,2
如痴如醉,1
画面感,1
画面,2
暗涌,1
肆意,1
流淌,1
看书,1
动作,1
人物额,1
特写,1
用样,1
出处,1
长河,1
尘埃,3
终归尘,1
归尘,1
土,2
归土,1
斗争,1
漩涡,1
抗争,1
皮鞭,1
嘤,1
嘤嘤,1
看鸭,1
笔墨,1
浓烈,1
一字一句,1
韵味,1
魅力,1
缺,1
底蕴,1
爱恨,1
交织,1
俗套,1
复仇文,1
巧妙,1
众,2
清新,1
脱俗,1
女强,3
府,1
女眷,1
巾帼,1
须眉,1
爽直,1
英飒,1
女流之辈,1
当起,1
高权,1
重之府,1
欲,1
推向,1
鼎盛,1
雄心,1
壮志,1
妇孺,1
齐心,1
当世,1
尺,1
莫过于此,1
莫名,1
戳,4
回味,1
悠长,1
昧,1
簇拥,1
顺从,1
一帆风顺,1
祖母,3
心系,2
皇,1
本家,1
皇土,1
皇家人,1
反心,2
滋长,1
涌动,1
甚,2
明朗,1
郎,1
卿,1
才子,1
佳人,1
天作之合,1
涓涓,1
细流,1
发个,1
宝宝,2
声姐,2
6月,4
3日,2
铜钱,3
薄影帝,1
踊跃,1
5月,1
00点—,1
5日,1
23：00,2
本次,1
参与者,1
活动者,1
全文,5
当天,1
❀❀,2
优质,2
优,1
精美,3
印章,6
每人,1
榜,5
1-2,1
千分之一,1
to签,2
PS,1
冲榜,1
误差,1
主办方,1
截图,1
为准,1
归主,1
办方,1
中奖,2
名单,1
中奖者,1
管理,1
全订,1
时限,1
9日,1
18日,1
零点,3
过时,1
不候,1
QQ群,1
155374709,1
书粉,1
聊天,1
佛,1
妖彧,1
沐,1
沁清,1
陆夏,1
希辰公子,1
辰,1
辞苒,1
恃婚,1
生骄,1
袭❤,1
️<,1
戳戳,2
打打,2
脚,1
印哟,1
八点,1
>此,1
文为,1
先婚,2
宠治愈,1
张扬,1
可甜可飒,1
戏精,1
外号,3
孔雀<,1
闷骚,4
沉默寡言,1
唯,2
许梨主义者,1
>快,1
~~❤️,1
100多,2
崔,1
添,1
出书,1
冒牌,1
太后,1
emmm,1
诶,2
上帝,1
纪修,2
染为,1
绾绾,4
九爷,8
修染,7
讲究,1
随心,1
心甘情愿,2
评判,1
对错,1
甘愿,1
退出,1
批判,1
限于,1
稍,1
吵,1
服,2
半截,1
开跑,1
见面,5
友善,1
号,3
新号,1
翻翻,1
一半,2
入眼,1
怨言,1
囧囧,3
感极,1
遍才,1
填坑,1
脉络,1
明了,1
羡羽,1
无忧,4
爱真,2
无名,1
慕凡,1
暖心,1
华国,1
洲,2
衔接,1
扯到,1
狗血,2
来源,1
给予,3
随书,1
遭遇,1
大起大落,1
心头,1
无可替代,1
气到,1
想来,1
翻墙,2
染比,1
站在,1
王俊凯,3
良辰,1
宁震,1
谦到,1
陆向,1
北到,1
依霆,1
左辰安,1
栗融,1
归到,1
栗,1
暴君,2
叶景逸,1
顺应,1
鲜活,1
如意,2
帮忙,1
推推,1
书咩,1
大腿,2
起色,1
稍后,1
今日,3
过审,1
晚点,5
悲惨,1
势均力敌,1
带走,2
预知,1
共鸣,1
养猫,1
家养,1
偷,1
煤矿,1
团子,1
Tt,1
斑点,1
恨,4
偷狗,1
崩溃,3
黄豆,2
天堂,1
安好,1
快快乐乐,2
没病,1
猫🙏,1
荣华,3
仙界,2
终结,1
修仙界,4
合体期,1
平息,1
三部曲,1
围绕,1
丰沛,1
功德,3
天道,2
眷顾,2
恣意,1
积累,1
修真者们,1
提供,2
修真,1
资源,1
提升,3
身在,1
扶弱,1
除恶,1
互帮,1
互助,1
优良,1
翻天覆地,1
完结于,1
断断续续,1
晕,1
严谨,2
杀手,3
镇差,1
没关系,2
镇定,1
淡漠,2
拽,2
炸天,2
思想,2
底线,3
凤辞,16
修成,2
正果,2
此生,4
一大,4
幸事,2
爱笑,2
凄凉,2
孤独,5
靠近,3
祁御,5
修为,3
姐,4
挚爱,2
最爱,5
面瘫,2
姿态,2
偷偷,5
奶茶,2
粉嫩嫩,2
蹲在,2
地上,3
瘫,2
摸摸,3
摸好人,2
卡头,2
刷屏,4
面上,2
爆,2
好人卡,5
犯规,2
爆炸,2
锦鲤,5
乖到,2
小姐姐,10
总想,2
猴子,2
卡揍,2
哽人,2
没错,3
别乱,2
污蔑,2
附赠,2
笙歌,3
万里,5
殊途同归,3
筝途不息,3
如期而至,2
初星,1
长长久久,1
星衍,7
带有,1
小傲娇,1
说真的,3
吐槽欲,1
在意,5
占有欲,1
有毒,1
舌,1
败家,1
飞起,1
讨喜,2
放在,2
心尖尖,1
会长,1
长久久,1
迁就,1
高冷,4
天荒地老,1
人卡,1
急,2
加到,1
999,1
打住,1
偏题,1
当初,1
偶然,2
主剧,1
调换,1
霸气,1
做掉,2
核心主义,1
价值观,1
只好,1
罪恶,1
小芽,1
默念,1
和平,1
民主,1
文明,1
和谐,1
bang,1
行(,1
bang),1
推测,1
成分,1
人(,1
天天,2
开开,1
心心,1
下笔如有神,1
语录↓,1
"""好人",1
"""打不赢",1
跑,2
打断,1
"腿""",1
"掉""",1
"""有",1
"""败家",1
🤔,1
吊,1
老遇,1
到断,1
来电,1
心塞,2
吐糟,1
试下,1
粉丝榜,1
感觉🐶,1
•̀,2
•́,3
)ง,2
第四,4
惊天动地,1
细水长,1
流源,1
流长,1
抖音,4
跟随,1
爪子,1
无所不能,1
柔柔,1
弱弱,1
木讷,2
刻意,1
主有,1
花容月貌,1
重于,1
内在,1
自立自强,2
狭小,1
世界观,1
​​,1
​,7
月黑风高,1
糖糖,1
宋慢,2
江淮,7
江澄,2
孟狗,1
糖,5
苏遇,3
路子,1
100,3
糖心,7
孟老,1
陆子年,1
念念不忘,2
陆子,1
创造,2
娇小可人,1
英语,1
蓄谋,2
报到,1
超好看,2
路上,2
事先,1
柏舟,1
口味,1
男神,1
青梅竹,1
马诶,1
哈哈～(,1
￣▽,2
￣～,2
)~,2
混个,1
眼熟,2
咯,2
书超,1
看(,1
ω･,1
ﾉ♡,1
表个,1
💞💞,2
💞💕,1
💕💕,1
♥️,4
💖💖,1
💖,1
趴,1
地板,1
沙发耶,1
2022,1
吞,1
南瓜,1
🎃,1
ing,1
飒爆,1
烂,1
别怪,1
提醒,1
敷衍,1
俏丽,1
扶弟,1
魔是,1
哈哈哈哈,2
硬伤,2
其母,1
王妃俩,1
王爷派,1
主配,1
躲过,2
刺客,1
下毒,1
主入,1
王府,3
成群,1
毒蛇,1
凶鼠,1
院子,2
护院,1
丫鬟,1
婆子,2
抓俩,1
潜入,1
丫鬟们,1
舍命,1
抓住,1
亡羊补牢,1
找些,1
身强力壮,1
男护院,1
守卫,1
宫斗剧,1
宅斗剧,1
爹,1
爬床,1
妾,1
药害,1
主长,2
见识,2
多心眼,1
自以为是,1
玩儿,1
放长线钓大鱼,1
计谋,1
别有用心,1
伺候,1
中药,1
幻情毒,1
诸如此类,1
香香,1
主傅,1
元令,1
果决,1
料敌,1
在先,1
处变不乱,1
当机立断,1
两辈子,1
心中一惊,1
亲娘,1
撑腰,1
废物,1
苟且偷生,1
准世子,1
妃,1
鸵鸟,1
把头,1
扎进,1
沙子,1
求生,1
自大,1
自狂,1
嚣张跋扈,1
胆怯求生,1
一百五十,1
遏制,1
痛骂,1
顿,1
主别,1
早晨,1
脚印,2
收藏哟,1
此文,2
双强,1
暴躁,1
容爺,1
好愛,1
莫拉多,2
大大荣,1
登粉,1
丝榜,1
强势,4
脱离,3
家族,4
一次次,6
外祖家,1
虐待,1
家丑不可外扬,1
宣扬,1
待遇,1
魏家人,1
嘴脸,1
抵,1
诱惑,1
有种,3
冲动,1
🙏大,1
大少,3
一点手撕n,1
一点甜,1
喜勿,1
喷,2
结婚,3
三年,2
轻轻松松,1
袖发,1
偏向,1
埋没,1
😱,1
天哪,1
ky,1
魔道,1
祖师,1
耽美,4
撞,2
人名,2
全天下,1
撞名,1
姊妹,1
看烦,1
怼,2
老粉,4
看起,1
钟,4
自私,3
换位,1
楚瑜,10
立场,3
二十多,2
多年,3
笑话,1
钟放,1
外公,2
淡然,1
钟来说,1
人世,2
解脱,2
死亡,3
心寒,1
年迈,1
老人,1
至亲,1
杀父,1
杀母,1
说幸,1
好钟,1
外,2
公放,1
唉~,1
瑜儿,1
大钟哥,1
人和,1
老死不相往来,1
了却,1
开弓,1
箭,1
烂尾,2
设身处地,1
扎心,1
题,1
外话,1
心累,1
气死,2
感谢楼,1
来暖,1
7.,2
14,4
种牙,1
明日,1
姒府,5
辅助,2
含,1
规矩,1
条条,1
框框,1
沾,1
空文,1
家主,1
姒汀,16
【姒,1
国公,1
姒苡,8
爹】<,1
>妻室,1
空,1
阴莫,11
正式,4
时娶,1
进门,2
>妾室,1
康华融,4
【康,1
相之,1
天碧院,2
幼时,2
姒璟,1
姒秋,1
懵,2
故事线,1
>姒,1
汀爱,1
结成,1
迎娶,1
姒,1
汀生,1
李离,2
李离刚,1
带进,1
宫里,1
抚养,1
结为,1
外界,1
传姒,1
苡,1
私生女,1
妻室,2
空着,2
>康,1
华融,2
死活,1
妾室,1
进府,1
正妻,1
年幼,1
懒得,2
理康,1
睁只,1
眼闭,1
眼,2
理所应当,1
接手,1
大小,1
事务,3
对外,1
宣称,1
当家,1
主母,1
这一切,2
插手,1
咋办,1
作死,2
线求,1
答案,2
歉意,2
对此,1
家产,2
清单,1
房屋,1
3000,2
田地,1
8000,1
银铺,1
42,2
当铺,3
75,2
赤金,1
60000,1
金大金,1
元宝,2
记十万,1
小银,1
56600,1
566万,1
银锭,1
900万,1
洋钱,1
58000,1
元,3
制钱,1
150万,1
150万文,1
吉林人,1
参600余,1
斤,4
1200余,1
柄,1
珍珠,2
手串,1
230,1
串,1
桂圆,1
10,7
大红,1
宝石,1
块,3
蓝宝石,1
40,2
银碗,1
桌,1
珊瑚树,1
11,4
支,2
米,2
纱缎,1
绸罗,1
绫罗绸缎,1
衣服,4
料子,1
一共,2
14300,1
匹,2
毛,4
哔叽,1
板,1
狐皮,1
550,1
貂皮,3
850,1
皮,2
粗细,1
56000,1
铜器,1
锡器,1
361000,1
名贵,1
瓷器,2
10万,1
镂金,1
八宝,1
炕床,1
24,3
西洋钟,1
460,1
四季,1
7000,1
男衣,3
713,1
女衣,3
650余,1
杂皮,2
860,1
437,1
锦夹,2
单纱,2
3118,1
3808,1
貂帽,1
54,1
顶,2
貂蟒,1
袍,2
37,1
貂褂,1
短罩,1
48,1
貂靴,1
124,1
606,1
妇女,1
600,1
奴才,1
373,1
估银,6
3000万,1
银号,1
40万,1
古玩店,1
13,4
玉器,1
库,1
7000万,1
绸,1
缎库,1
80万,1
库2,1
梨木,1
紫檀,1
家具,1
组合,1
6件,1
清朝,1
正史,1
记载,1
2000万,1
白银,2
估算,1
珅,3
资产,1
珅名,1
绸缎庄,1
野史,1
15,4
国民,1
总收入,1
概念,1
康熙,2
国库,3
2900多万,1
大米,2
白面,1
价格,1
肉,1
30,2
一两,3
银子,2
千文,1
计算,1
比作,1
200多,1
人民币,2
统计,1
4.,3
4亿,1
880亿,1
数据,1
枉,1
千古,1
贪,1
搜狐,2
号系,1
存储,1
空间,10
百度,2
乾隆,1
三十三年,1
1768年,1
18,2
珅娶,1
直隶,1
总督,1
冯英廉,1
孙女,1
冯氏,1
王刚,1
好出,1
戏,1
不良,2
痞妻,2
束手,2
寝,2
千娇百媚,1
住院,1
手脚,1
冰冷,1
全身,1
发抖,1
连夜,1
送来,1
医院,1
化验,1
搶,1
围观,1
杀马特,1
提子,1
乔大少,1
看哦,1
逗趣,1
时玉儿,1
厳肃,1
韓爵,1
鬦,1
天翻,1
地复,1
动到,1
真槍,1
玉儿,1
调教,1
大爷,1
来到,1
富婆,2
百三十二,1
绝望,1
🤦‍,1
♀️,1
四爷,8
福晋,2
冰婶,2
客服,1
甘心,1
王爷府,1
侧妃,1
承宠,1
长相,1
府里,1
怀孕,8
深网,1
股神,1
恐怖,2
分子,1
统统,1
😫太,1
深奥,1
暖文,1
摆烂,1
呦,2
避坑,1
气炸,1
水文,2
网友,1
吵架,1
写江,1
做死,1
马甲,3
掉,1
一笔带过,1
对得起,1
网上,1
聊聊天,1
干什么,2
实质性,1
睡前,1
物气,1
改为,1
江大,1
遍地,1
江纤,1
柔蹦,1
跶,1
章早,1
戏份,2
江,1
撕,1
撕季,1
粗制,1
滥,1
造许,1
统一,1
进群,1
老季,1
乐乐,1
虐】,1
小虐,2
怡情,1
超宠,1
超会,1
撩,3
磕磕绊绊,2
女多,1
担待,1
指教,1
撒花,1
群里,1
分享,1
缺失,1
老特,1
175章,1
主除,1
气运,1
啥子,1
真界,1
报,1
秦时,1
明月,4
汉时,1
关,1
万里长,1
征人,1
请安,1
一批,1
投个,1
加书,1
爸,2
病好,1
咔,1
懵圈,1
🌝,2
至极,1
慕容恪,1
突发,2
全世界,1
文文,1
留情,2
移除,1
扔个,1
差评,7
体面,2
攻击,2
恶意,2
禁言,1
迷迷糊糊,2
发到,2
领盒,1
饭,1
血虐,1
文但,1
大可不必,1
丧尽天良,1
可不可以,1
项链,1
几百,3
莲花,2
下线,4
美国人,1
引出,1
老莫,1
血🐶,1
🐶🐶,1
🐶,1
从头到尾,2
热恋,2
名满,1
香江,1
端方,2
商界,1
执行长,2
富可敌国,1
继承人,1
误打误撞,1
治疗师,2
容慎,3
显,2
颓废,2
活力,2
花季,3
才华,1
藏匿,1
高级,1
工程师,1
患者,1
安桐,4
相识,1
乌龙,2
有心,1
真情,1
温润,3
常年,1
端庄,1
白衬衫,1
黑西裤,1
涵养,1
淡薄,1
气度,1
雅致,1
儒雅,1
伪装,2
副皮囊,1
上位者,1
不容置喙,1
真面目,1
面热心冷,1
朝气,1
遭逢,1
剧变,1
罹患,1
障碍,1
精致,1
人儿,1
死气沉沉,1
屈居,1
杂志社,1
兼,2
职校,1
高端,1
代码,1
直播间,1
随缘,1
主播,1
背负,3
负罪感,1
转机,1
专属,1
寥寥,1
数语,1
拨开一角,1
埋下,1
种子,2
久病,1
消沉,1
再现,1
丝,2
生机,1
宛如,1
神祗,1
伟岸,1
喵,1
负朕,1
✌️,1
三观,3
未婚,1
夫杀,1
前身,1
父仇人,1
👍,1
媚公倾,1
集合,1
小夕,1
CP,3
李子,1
可不,1
小莫,1
攻,1
血书,1
陆神,6
红柚,1
青春,4
高中,1
庄周,1
弯月,4
外国,1
小哥,1
王者,2
礼,4
取码,1
戳中,1
泪点,1
齁甜,2
考研,1
回归,2
不舍,4
意中人,1
盖世,1
(王者,1
甜),1
楚,2
陆左煜,1
杨在山,1
洛沉,1
马昆,1
李怀宇,1
陆右纯,1
白琛,1
乌云(,1
WD,2
战队,1
凤君,1
政,1
政哥哥,1
捉弄,1
一分为二,1
根深蒂固,1
楚王,8
细水长流,3
各有千秋,1
二皇子,1
试,1
主为,1
迟,1
祝贺,3
香发,1
摆,1
同一个,1
差距,1
叶落银,1
出名,1
大街,1
随便,4
问问,1
徐,1
徐折,1
清真,1
事毁,1
几十,2
不学无术,1
胆大妄为,1
屁,1
总分,1
五十多,1
狗仔,1
学渣,3
学成,1
这两年,1
关键,1
英俊,2
多金,1
秦白天,1
傅暮夜,1
還,1
錯,2
唷,1
粉不錯,1
看唷,1
還蠻,1
凤仙儿,1
初儿,1
深处,2
醉,2
献给,1
甭管,1
一百,2
呸呸呸,1
金缕,1
金缕衣,1
红雨泪,1
尾😭,1
细细,1
品,1
60年,3
释怀,1
双人,1
眼标签,1
种田,2
…咳,1
高级版,1
包含,1
推进,1
看～,1
早日,2
0月,1
心手,1
贱点,1
写写,1
挑战,2
童话,1
耶,2
一点六万,1
澄清,1
纯爱,1
英文,1
bl,1
看作,1
Abo,1
受精,1
找度,1
生子,5
其时,1
兽化,1
兽,1
频道,2
(◍,1
•ᴗ,1
•◍,1
海臣,1
乔暮久,1
女😂,1
老子,1
西新,1
狂笑,1
j,3
pg,3
贼鸡眼,1
老夫,1
12：00,1
溢出,1
姨母,1
床上,1
踢响,1
整块,1
床垫,1
哈哈哈哈哈哈哈哈哈哈哈,1
西,2
好意思,3
下q,1
wq,1
黎俏,6
VS商,1
少衍,1
淦,1
一对,1
酷啊,1
当团,1
遇上,2
散散,1
漫漫,2
杀伐,1
乐配,1
夫c,1
p名,1
木,1
遗忘,4
键盘,1
四哥奔赴,1
qwq,1
衍哥,1
886,1
一幕,1
檐上,1
寸雪,1
人间惊,1
鸿客,1
暖婚甜,1
入骨,1
气场,1
哥,2
媲美,1
妻管,1
严,1
收官,1
祝西西,1
大卖,2
商少,1
衍,2
魔鬼,1
砚时,3
柒and,1
秦肆,2
【🌚,1
🌚🌚,1
王大龙,1
｛石化,1
🙏🙏,4
⚠️,7
艺术,2
请务,1
必区,1
二次元,1
务必,2
缺陷,1
精神,1
疾病,1
止损,1
寻找,2
正确,1
商郁,8
狂躁,1
积压,1
爆发,2
可控,1
沟通,5
缺少,1
磨合,1
忽视,1
压死,1
骆驼,1
稻草,1
心思,1
事实,1
答应,1
到位,1
过度,1
愈发,1
刺激,3
紧绷,1
神经,1
发病,1
源头,1
绷到,1
极致,1
失控,1
刺猬,1
刺伤,2
寒冷,1
学会,2
留出,1
治,1
单方面,1
拍,1
响,1
两百万,1
远达,1
状态,3
摩擦,1
瞎说,1
愿人,1
注明,1
久远,1
衰退,1
1.,2
♡黎,1
俏→,1
商胤,4
商曜,1
商绮,2
文瓒,1
文瑄,1
雲琋,1
贺琛,2
伊沫,3
→贺,1
言伊,1
贺言茉,1
贺言,2
赌场,1
边境,2
七子,2
宗湛,2
♡席,1
萝→,1
宗席,1
澜,1
军区,1
首长,1
席萝,2
炎盟,2
封毅,2
♡玛格丽,1
英帝,2
贵族,2
玛格丽,1
5.,1
苏墨,2
时♡,1
吴敏敏,2
龙凤胎,1
国际,2
缅国,1
商陆,3
梵媚,2
梵家,1
云厉,2
♡夏,1
思妤,1
一子,1
佣兵团,1
夏思,1
妤,1
寰夏,1
白炎,2
♡柏,1
婵→,1
柏琅,1
柏婵,1
南昕,3
助理,1
霍茗,2
♡唐,1
弋婷,2
→唐,1
黎三,1
→黎,1
恩宥,1
黎,2
兵,1
工厂,1
兵工厂,1
管理层,1
黎二,1
莫言,2
艺术商,1
学生,3
黎君,2
♡宗悦,1
南洋,1
秘书长,1
宗悦,1
白领,1
顾辰♡,1
落雨,2
→顾,1
顾辰,1
待定,2
助手,3
秦柏,2
聿♡,1
柒→,1
秦慕,4
柒,2
聿,1
名模,1
♡商,1
绮,2
特聘,1
画师,1
法医,1
♡贺,1
言茉,1
商氏,1
掌权者,1
茉,1
[到,1
单身,2
靳戎,2
宋寥,1
邢子,1
楠,1
沈,2
清野,1
整理,1
零零碎碎,1
十几,4
舍得,1
光辉,3
时刻,2
挚友,1
饱满,1
着实,1
一等,1
高手,2
结拜,1
夏思妤,1
改观,1
比如商,1
纵海,1
胤白,1
贺言伊,1
乏味,1
无拘无束,1
烂漫,1
高一,1
茉茉,1
热忱,1
终未,1
所愿,1
小时,3
世事,1
帆,1
方终,1
踏浪,1
披荆斩棘,2
饮酒,1
煮,3
余生欢,1
盗用,1
草率,2
黑爷,1
勾魂,2
俩字,1
T﹏T,1
讲白无常,1
黑无常,1
相杀,1
沙雕日,1
白七x夜,1
萌萌哒,1
四更,2
模式,2
谢玄,1
牛逼,1
恭喜🎉,1
🎉🎉,1
🎉,2
️❤,1
666,1
＾ワ＾,1
难看,1
小鱼儿,1
仔仔细细,1
性别,1
思维,3
差异,1
捕捉,1
放大,1
徒增,1
感伤,1
眼里,1
微不足道,1
心来,1
回碾,1
懂而不顾,1
悲哀,1
优点,2
同甘共苦,1
满意,2
安抚,1
冷淡,1
颜有,1
责任心,1
区别于,1
独特,2
凌厉,1
贴近于,1
难免,2
唏嘘,1
报警,1
黑粉,2
还是说,1
上班,1
耍,2
大牌,1
说话,5
稿费,1
为生,1
讨好,1
定义,1
看方,1
婕妤,1
方婕妤,1
T﹏T.,1
来世,1
奈何,1
知名度,1
666666,2
夏天,2
好舍,1
墨撩撩,1
遇不可求,1
始终如一,1
青青,2
🌹🌹,2
车,1
没用,1
总用,1
睡服,1
睡到,1
老公,1
太明,2
事理,2
明事理,1
动手,2
太佛性,1
动口,1
武力值,1
遮掩,2
菜用,1
水果,1
空间文,1
水用,1
主死,1
后辈,1
饭馆,1
用水,1
自来水,1
味道,1
开饭馆,1
总得,3
菜,3
有心人,1
你家,1
旁白,1
老气横秋,1
好乱,1
生病,3
祝早日,2
康复,2
王道,2
苏辛夷,2
殿下,4
孤,6
主页,2
创作,2
3696,2
結局,1
怎麼,1
沒,1
不可同日而语,1
丞,2
相府,1
御花园,1
相想,1
造反,1
韩伶,3
夏,3
花落,1
谁家,1
子期,1
无论是,2
超级nice,1
偌大,1
网文,1
欲望,1
三四,1
骚,1
拐走,1
亲闺,1
甜好,2
嫌够,1
祝愿,1
宝子,1
大作者,1
哒＾,1
糖心儿,1
撒花撒,1
花～,1
哥撩,1
江淮哥,2
足,1
(但,1
阻止,1
绿江,2
淮哥,1
心＠,1
good,1
超nice,1
ξ(,1
✿,1
◡❛,1
爱情(,1
๑´,1
祝全,1
(骚,1
糖心宝,1
贝儿,1
限速,1
发🎉,1
洁否,1
虐么,1
若音,1
独家,1
宠爱,3
😒😒,1
音,1
小公举,1
奴,1
๓´,1
╰╯,1
`๓,1
)♡,1
˙ー,1
˙๑,1
贺宁,2
顾小凡么,1
警校,2
知识,1
常识,2
民警,2
好当,1
除非是,1
混吃混喝,1
老百姓,1
废好,1
圆滑,1
芸芸百姓,1
纠纷,1
高智商,1
百姓,3
难缠,1
季世子,1
玉肌,1
冰肤,1
步步生莲,1
姜四,1
出口,2
骚气,1
公子哥,1
样貌,1
美如,1
画中人,1
交代,1
乃钧,1
秘密,2
主背,1
二维码,1
纹身,1
主重,1
生前,1
好虐,1
秋静,1
第六,1
奉依,1
寒摸,1
双马尾,1
副,1
画,1
幅,1
画对,1
线中,1
山头,1
废宫,1
酒馆,1
村庄,1
存存稿,1
大改,1
纽扣,1
项E,1
planB,1
分叉,1
头发,2
超市,1
捏碎,1
饼干,1
草,1
腐烂,1
橘子,1
过期,1
牛奶,1
断线,1
风筝,1
丢弃,1
向日葵,1
楚雨荨,1
慕容云海,1
分手,1
Ծ‸,1
Ծ,1
128,1
跳到,1
133章,1
那了,1
主白,1
傻叉,1
一章,2
养肥,2
地主,1
翻外,1
李江配,1
亏,2
清婉,2
感情戏,1
毁,2
Cp感,1
玉石,1
童养媳,1
桃李满天下,1
宝璐,1
穷则独善其身,1
达则,1
兼济天下,1
惊喜,3
女异,1
世归,1
犯,1
忌讳,1
删掉,2
要好,1
祝大,1
大文,1
思泉,1
涌,1
雄奇,1
峭拔,1
妙笔生辉,1
匠心独运,1
行云流水,1
百尺竿头,1
笔锋雄浑,1
洗炼,1
大大别,1
(୨,1
୧•,1
͈ᴗ,1
•͈,1
)◞,1
︎ᶫ,1
ᵒᵛ,1
ᵉ,1
白善,1
ヽ(,3
´∀,1
爱)ノ,1
太监,1
风和日丽,1
明媚,1
传新,1
栏,1
按钮,1
撤回,1
天后,1
改回,1
监文,1
四十五,1
道德,1
不怎么样,1
文越,1
主家,1
世差,1
一心求娶,1
主坏话,1
主找,1
伴侣,1
利益,1
嫁国,1
公甘愿,1
工具生,1
当代,1
女频,1
琢磨,1
纪实,1
高开,1
低走,1
数,2
奇葩,1
事迹,1
好家,1
世求,1
赐婚,1
中计,1
蠢,1
贪女,1
主店,1
铺红利,1
分红,1
美其名曰,1
主哥,1
主去,1
下蛊,1
顶尖,1
敌对方,1
拉女,1
主跳,1
千米,1
悬崖,1
倒打一耙,1
查仇人,1
制造,1
披,1
羊皮,1
狼,1
宴会,1
【长,1
引诱,2
帅脸,1
嘲笑,1
嘴欠,1
讥笑不屑,1
态度,2
保皇派,1
不合,1
面议,1
论皇,1
一百万,1
楚曜,1
凑,1
强行,2
降智,1
老是说,1
美色,1
调理,1
凑上,1
肮脏,1
不堪,1
洁文,1
决心,1
认知,1
扎实,1
事件,2
穿插,1
温馨,1
循序渐进,1
甜蜜,1
空有,1
充实,1
P.,1
S,2
别出心裁,1
超迷人,1
追着,1
馨馨,4
毒,1
超令,1
六阿哥,1
七阿哥,1
肯,1
娶妻,1
拉,1
五阿哥,1
裤脚,1
提及,1
皇阿玛,1
额娘,1
仿佛,2
清穿文,1
穿到,1
四爷府,1
舒适,1
文~,1
手法,1
笔风~,1
水晶哒,3
已婚,1
搜,3
雪色,1
水晶,2
超推,1
🌺(,1
=^,1
▽^,1
=),1
🌺🌺,1
🌺爱,1
(=,2
^=,2
萌新,1
大会,2
期,2
主v,1
s见,1
字家,1
出手,1
几百万,1
见字家,20
家女,1
主夸,2
好帅,1
嚯,1
爷们儿,1
全国,1
方言,1
兰博基尼,1
保时捷,1
卡宴,1
五菱,2
宏光,3
柔姐,7
特斯拉),1
飙车,1
挖掘,1
机铲,1
树,1
亿,1
雪糕,2
块钱,1
二十,1
257,1
本本,1
锦鲤团,1
宠加,1
抗住,1
倒霉,1
队友,1
服装,1
设计师,1
赛车手,1
小提琴,1
专利,1
蓝翔,1
道路,1
挖掘机,1
好手,1
带妹,1
上分,1
小达人,1
待续,2
①别,1
一不小心,1
拉进,1
自个,1
②别,1
观察,2
根,1
③别,1
身高,1
衬衫,1
④别,1
吃瓜,2
线嗑,1
瓜子,2
线叼,1
⑤别,1
放嘴,1
棒糖,1
咬碎,1
⑥别,1
剑,1
or,1
白纱裙,1
真立,1
⑦别,1
吐血,2
浑身,1
红毛,1
晚年,1
不详,1
陈东诚,1
欺,1
⑧别,1
破坏,1
定为,1
全员,1
被迫,1
缩短,1
称号,1
拉仇,1
能手,1
⑨别,1
地图,4
高德,1
缺德,1
⑩别,1
有用,1
辆,1
分分,1
组去,1
cp党,1
开车,1
碰面,1
头上,1
开直,1
升,1
飞机,1
底下,1
五菱宏光,1
开五,1
菱,1
看天,1
直升飞机,1
补上,2
全捐,1
河南,1
一百九十多,1
凑整,1
捐,2
五百,1
力,1
灾区,1
中会,1
迁怒,1
缺席,1
不在乎,1
融星,3
悲剧,1
乖乖,1
奶奶,1
跑去,1
心悸,1
30号,1
完回,1
精力,2
对不住,1
陈氏,1
阿容作,1
代价,1
机关,1
算尽,1
求得,1
位子,1
迟疑,1
誓不为妾,1
独属于,1
阿容,8
王七,3
琅琊,1
王七何,1
许人,1
魏晋,2
风流,2
名士,2
动荡,1
天差地别,1
王七郎,1
七郎,1
妾阿,1
肌肤,1
许诺,1
妾位,1
事实上,1
痛彻,1
抛弃,1
自信,1
出世,1
∩｀,1
內容,1
劇情,1
成空,1
归隐,1
田园,1
穷途末路,1
主救,1
鬼帝,2
医毒,1
双绝,1
天才,3
诡医,1
一朝,2
手握,1
生死,1
傲,1
娇缠,1
虐渣渣,1
圣初心,1
窃喜,1
可瞧,1
五毒俱全,1
奶娃,1
掬,1
辛酸,1
泪,1
北夜寒,1
离殿,1
殿主,1
闻风,1
丧胆,1
主宰,1
卖得,1
妮子,1
上动,1
兴致,1
宠妻,1
一路宠,1
上天,1
大宝,2
踢门,1
踹门而入,1
初心不解,1
门外,1
一模一样,1
352,1
魔元,1
骂~,1
≧▽,1
≦),1
~笑,1
戴煦,1
方园,1
互动,3
啃~,1
悬疑,2
推理文,1
两三,1
ヾ(,1
＠⌒,1
ー⌒,1
ノ(,1
￣^,1
￣),1
ゞ,1
蹲蹲,3
情天,1
关键词,3
勾选,1
蔺氏,1
夫妇,1
文到,1
历时,1
倾注,1
敲下,1
空落,1
陡生,1
剩余,1
填完,1
问起,1
南城,1
贴,1
启航,1
小伙伴,1
震惊,1
红袖币哟,1
六七,2
古言文,2
感化,2
商斗,2
合理性,4
框架,2
构造,2
用词,2
揪出,2
错误,2
豆蔻,2
词,4
主语,2
非理,2
智粉,2
洗,2
瑕不掩瑜,2
可笑,2
基础,3
错好,2
￣д,2
￣;,2
)ノ,2
批评,4
主席,2
共产党,2
自我,3
革新,2
不许,2
娘娘,2
哭成,2
泪人,2
半生,2
浮沉,2
拳拳,2
慈母,2
前朝,2
敏感,2
爱过,2
喜爱,2
条件,2
充足,2
体现,2
点腐,2
四哥,2
好磕,2
暗戳,3
戳磕,2
言情区,2
刀片,2
地址,2
瑾王,10
1瑾王,2
争善战,2
瑾,2
王,2
赤子之心,4
朝廷,2
3关于,2
漏财,2
媳妇,4
挣,2
谋略,2
互补,2
德妃,6
要强,2
晓得,2
养出,2
暗,2
帝后,2
老四,4
打下,2
妖婆,2
跪拜,2
得委,2
再不然,2
娃儿,2
皇储,2
好哒,2
回报,3
养刁,1
书既,1
不失,1
幽默,3
唯独,3
一脸,1
懵😂,1
🌚😛,1
😆,1
芜欢,1
人选,1
择性,1
书😂,1
起凤,1
哒么,1
泪目,4
失足,1
万年,4
失策,1
目录,1
大大三,1
容,1
小小,4
不虐,1
主无误,1
热衷于,1
包子,1
举报,1
作文,1
纸条,1
软件,1
苏沫y,1
转载,1
搜索,1
妖,1
搜用户,1
无用,1
庄初,2
容锦城,2
实际上,1
作法,1
夏楚楚,2
说容,1
锦城,1
换人,1
失忆,1
扔,1
想像,1
毅然决然,1
过火,1
精人,1
办,1
傻事,1
半道,1
生生,1
败笔,1
忍者,1
神龟,1
杳无音讯,1
尽心力,1
前夫,1
白毅,1
加班,1
女三,1
楚楚,1
白墨尘,1
划初,1
屏幕,2
初初,2
接大,1
剧院,1
容家,1
午睡,1
玩家,1
季朝,2
打交道,1
副本,1
赶路,1
流浪狗,1
狗子,7
骨头,1
收养,1
品种,1
拉布拉多,1
取名,1
小布,1
OPPO,1
语音,1
GM,1
神出鬼没,1
万花丛,1
片叶,1
沾身,1
妹子,1
逃,1
插翅难飞,1
黏,1
此刻,1
热心,1
主人季,1
一本正经,1
胡说八道,1
补个,1
勉为其难,1
爷青,1
回二,1
互换,1
耶好耶,1
上本,1
call,1
祝司,1
司新,1
文红,1
火火,1
越文,1
谢佳柔,1
韩呈机,1
断章,1
无所适从,1
🤔️,1
冲刺,2
榜~~~,1
不见,2
女权,3
之中,1
衡玉,1
一步一脚印,1
中杀,1
伐果,1
军阀,1
统治者,1
改善,1
登位,1
重用,1
有助于,1
权臣,1
2万,1
忍忍,1
👏👏👏,1
三爷,3
改名,1
名叫,1
傅璟珩,1
记错,1
见证傅,1
婚,1
尾声,1
动态,1
总裁文,1
后爱,1
扮猪吃老虎,1
豪门,1
久别,1
溪姐,3
叶寒之,2
寒,2
心目,2
当命,1
寒之,1
虐狗,1
掉马甲,1
说到,2
楚轻,1
狠狠,3
呜作者,1
鉴婊,1
手软,1
笑死,1
轻歌,1
磕,1
磕撞,1
墙,1
心房,1
灵活,1
作话,2
渠道,1
上边,1
HZM,1
惊鸿,1
相随,1
倾心,1
毁灭,1
展出,1
万刧不复,1
动心,1
命中,2
袒露,1
身处,1
奉,1
为王,1
光阴,2
莽撞,1
视死如归,1
渴望,1
伴,2
荏苒,1
♥♥,1
♥,3
顾雪,1
十万,1
氪金,1
苏渺渺,1
陆闻,1
辞,1
金丝雀,1
叶轻棠,1
沈寒灯,1
祖宗,1
迟来,1
叛逆期,1
落烛,1
星落,1
末,1
日己,1
送达,1
许无烟,1
寻楚,1
同桌,1
剧本,1
顾栖栖,1
江落木,1
陛下,1
秦雪,1
衍意,1
献血,1
许拂尽,1
夏弥夜,1
另类,1
同居,1
白知羽,1
盛明,1
逃婚,1
慕,1
小重,1
洛尘衣,1
顶流,1
C住,1
出道,1
沉杳,1
杳,1
乔沉,1
落魄,1
千金人,1
崩,1
姜秋杪,1
谢宣城,1
王妃,1
夜微霜,1
晏景,1
休,1
NPC,1
柳明珰,1
苏星,1
渚,1
禁锢,1
野玫,1
瑰,2
江云,1
纪,2
非然,1
咸鱼,1
国师,1
营业,1
乔繁枝,1
封灵,1
舒,1
恋人,1
之上,1
阮念,1
郁,1
17,1
末世,1
重启,1
简瑶,1
羽,2
傅明,1
鸩,1
当闺,1
女后,1
忧,1
容稣,1
19,1
复合,1
林池鱼,1
秦淮,1
20,1
星际,1
收租,1
司空樱,1
司空无,1
21,1
全城,1
温初叶,1
烬雪,1
光养,1
余夏绮,1
楚云,1
概述,1
桑落酒,1
景忱,1
武林,1
秘籍,1
风明,1
繁,1
云祁,1
25,1
海王,1
退休,1
养鱼,1
白余,1
霜,1
26,1
秋月,1
深野,1
27,1
魔神,1
武德,1
虞西,1
池,1
疏星,1
28,1
血族,1
战败,1
负债,1
千亿,1
洛,1
回雪,1
北邙,1
29,1
违规,1
出圈,1
倾,1
席,1
微云,1
将军,1
解战,1
宁青,1
葙,1
叶满溪,1
31,1
荒星,1
三百六十,1
格西,1
32,1
谢邀,1
退婚,1
庄棉棉,1
慕东陵,1
33,1
黑化,1
郁萱,1
竹,1
薄雪,1
绕,1
34,1
13号,1
舒湘灵,1
宗卿,1
困扰,1
争,1
(╥,1
ω╥,1
霍,3
少爷,1
祁默,1
霍小少,1
友人,1
兄,1
弟,1
̀ᴗ,1
̑̑,1
愈安,1
奴隶,1
好讨,1
厌秦,1
破,1
带到,1
有理,1
瞪,1
牛别,1
牛才,1
冫,1
灬,1
丶∴∴,1
∴,1
㇏㇏∴,1
丶🦎,1
1一,1
千千,2
写家,1
国有,1
热血沸腾,2
小文,1
为聘,1
缺章节,1
残缺不全,1
落泪,1
～😭,1
进,2
总归,1
拉踩,1
划走,1
搁,1
逼逼,1
惭愧,1
信念,1
令人感动,1
保家卫国,1
保卫,1
家园,1
为国捐躯,1
按键,1
蓝牙传,1
反复,1
狂,1
飚侠,1
拜访,1
尊友,1
送上,1
爱死,1
听到,1
冉姐,2
书下,1
门面,1
平心而论,1
资格,1
乱喷,1
各家,1
弄得,1
🤗🤗,1
哭辽,1
云桑,1
封霆,1
黎景泽,3
牛B,1
黎景,1
泽配,1
小惜,3
脏,2
吐,1
沈言,19
太渣,2
文静,17
趁虚而入,1
介入,1
米初,1
第三者,1
正儿八经,1
交往,1
劈腿,1
男包,1
不清白,1
初七,22
原配,1
主太,1
懦弱,1
惯,1
忍让,1
着想,1
渣女,1
别墅,2
牵手,1
搂,1
抱捏,1
脸揉,1
调情,1
哄骗,1
爸爸,4
坟头,1
够渣,1
谎话,1
张口,1
姓巫,1
生育,1
巫星,1
交易,1
小三儿,1
厚脸,1
皮顶,1
男秀,1
文静气,1
惩罚,1
干嘛,1
盯,1
种马,1
白马,1
小安,1
自私不自爱,1
整天,1
泡酒,1
烂醉,1
自爱,1
陪人,1
渣睡,1
换钱,1
不自量力,1
渣爆,1
颜色,1
软弱,1
心地,1
宽容,1
旗号,1
自知之明,1
捏,1
柄坑,1
长辈,1
怨,1
过初,1
七一,2
顶罪,1
清白,1
人渣,1
贱,1
目盲,1
心瞎,1
堆,1
抱举,1
高高,1
建立,2
糊弄人,1
爱初,1
品牌,1
正常人,1
嘴骗人,1
鬼,1
真诚,1
搅和,1
般配,1
出息,1
求豆,1
求藏,1
咔咔,1
喵(,1
^･,1
ｪ･,1
^),1
文微,1
emm,1
巫女,1
百合,1
大法,1
先修,1
紧,1
君诉,1
无边,1
光景,1
开坑,2
吉~,1
没意思,1
10年,1
宠溺,2
怼天怼,1
地气,1
崩人,1
本能,1
独有,1
叔,2
王者号,2
对调,1
和谐号,1
筝爷,1
方案,1
宠幸,1
反胃,1
倾颜,2
求渣,1
位份,1
高斗,1
柔贵妃,1
妃嫔,1
好过,2
渣帝,1
纯嫔,1
妃子,1
心狠,1
母国,1
皇宫,1
哇噻,1
速度,1
更新ing,1
互动楼,1
毁掉,1
影视剧,1
孙子,2
兵法,2
👉装,1
接龙,1
🐟,1
凡间,2
2020年,1
天上,1
触犯,1
天条,1
天帝,1
一怒之下,1
贬到,1
化作,1
江里,1
打渔,2
渔夫,2
捞到,1
装,1
瓶子,1
沮丧,1
转过头,1
四处,1
探望,1
僵硬,1
目光,1
尾,1
四目相对,1
辽~,1
全新,1
养成文,1
既有,1
颖(,1
钢炮,1
吃喝嫖赌,1
嫖,1
1v,1
牙疼,1
看^,1
愿望,1
老妖,1
精沈,1
瞬间,1
成渣,1
山野,1
眼底,1
欢呼,1
关心,1
俞羡,6
星暮T,1
V游戏,1
主播Ophelia,1
称,1
菲菲,2
骚话,2
怼粉,1
邓临渊,6
L,2
O,1
L职业,1
选手,2
DMG,5
现役,1
打野,2
赛上,1
国外,1
队伍,2
点名,1
LPL,1
别问,1
门当户对,1
观众们,1
配发,1
公屏,1
DLY,1
岂不是,1
狂喜,1
诶诶,1
细心,1
观众,1
表情,1
跑路,1
牛奶味,1
物,1
不用说,1
【俞·尾巴翘,1
上天·羡.jpg,1
电竞,1
团宠,2
队友们,1
大家庭,1
缺一不可,1
笑容,1
拥抱,2
微小,1
胜过,1
风月,1
半点,1
别怕,1
落到,1
身披,1
欢呼声,1
举起,1
胜利,1
奖杯,1
一同,1
星星之火可以燎原,1
皎洁,1
耀眼,1
和光同尘,1
淋,1
大雨,1
冬季,1
夏季,1
牵,1
手臂,1
飞过,1
熬梦,1
朝不保夕,1
灭,1
星光,1
美梦,1
To,1
珄药,1
药药,5
评写,1
裙子,3
鸽王,1
大咕,1
咕咕,1
文档,1
硬是,1
鸽,1
水分,1
拿捏,1
一流,1
妙笔生花,1
准确,1
富有,1
感染力,1
官方,1
抱头痛哭,1
螺旋,1
升天,1
呜天,1
尖叫,1
尽情,1
糖来,1
砸,1
【愿,1
启程,1
【临,1
渊羡,2
End,1
哭出,1
声😭,1
致临,1
草在,1
结它,1
风在,1
摇,1
叶子,1
节选,1
门前,1
无意间,2
羡儿,2
渊神,3
嘶,1
差…,1
大风大浪,1
算上,1
挫折,1
那关,1
俞奶奶,1
秀恩爱,1
对话,2
箭嗖,1
戳进,1
心窝,1
化身,1
土拨鼠,1
好甜,1
穿过,1
摇着,1
平时,1
倒是说,1
嘿嘿(,1
๑❛,1
ᴗ❛,1
王珄药,1
致D,1
MG,1
飞翔,1
疲惫,1
身化,1
红烛,1
微薄,1
昏暗,1
清冷点亮,1
前方,1
计较,1
黑夜,1
漫长,1
遥远,1
征程,1
终点,1
辉煌,1
汇聚,1
称为,2
追寻,1
盼望,1
彷徨,1
常态,1
年轮,1
刻在,1
等闲,1
面庞,1
拼搏,2
风雨,1
无怨,1
嘿嘿嘿【,1
挠头,1
LOL电,1
竞战队,1
追梦,1
少有,1
败绩,1
D,1
中单,2
公举Ophelia,1
Cute,1
ADC,1
Zenith,1
上单,1
兔神K,1
退役,1
史努比,1
SN,1
教练,1
Dream,1
越到,1
穷,2
质疑,2
嘲讽,2
证明,1
拿下,1
冠军,1
致药,1
药,3
刷dy,1
袖袖,1
别动,1
群号,1
打卡😂,1
文都,1
甜饼,1
嗷嗷叫,1
国子,1
监小,1
食堂,1
法学,1
💞,1
许,1
万,2
丈光,1
芒好,1
夕哥,1
恰,1
寒光遇,2
骄阳,1
郁薰,1
烟烟,2
二囧,1
初心不忘,1
妖妖,1
清清,1
忘怀,1
娇阳,1
纪修染,1
拒绝,1
摧毁,1
耗尽,1
世无双,1
恭喜妖,1
妖发,1
享受,1
亲属,1
主置,1
何地,1
周五,1
周六,1
天数,1
十一点,1
十二点半,1
发文,1
宋宁于,1
温文尔雅,1
迟到,1
缓慢,1
很快,1
认,1
感诶,1
app推荐,1
求作者,1
纳妾,1
多妾,1
恭喜香,1
😄😄,1
追大,1
新作,1
招呼,1
问打,1
不定期,1
线～,1
天踢,1
一品,1
天师,1
张天师,1
😲😲,1
寒月,1
夜续,1
寒夜,1
绵绵,1
自忘,1
世,1
轮,1
度,1
至美,1
至宠,1
传奇,1
哒😘,1
辣,1
哒~,1
老文,1
优化,1
大多半,1
苗逸仙,1
胖虎,1
22爷,1
老书,1
小剧场,1
新鲜,1
混淆,1
单薄,1
榴莲,1
美味,1
｀Δ´,1
过瘾,1
一字不落,1
看完,1
隐婚,1
隐婚类,1
孜孜不倦,1
奇迹,1
化腐朽,1
神奇,1
云深,1
爱云,1
宁天,1
玉妩,1
开阳,1
云不悔,2
程慕白,1
神魔,1
冥,1
王结局,1
不一一,1
漏洞,1
错处,1
疏漏,1
整改,1
明姝,1
三姐妹,1
擦出,1
火花,1
主脚,1
花😁,1
初识,1
8日,1
一瞬间,1
惆怅,1
不长,1
永存,1
至死不渝,1
穿文,1
成长型,1
怀着,1
何处生,1
冷血,3
原则,1
无情,2
装逼,1
甜美,1
萌妹子,1
时潆,1
夏初,1
吃软不吃硬,1
看热闹,1
惟有,1
例外,1
逆鳞,1
​时,1
笙刚,1
占有,1
欲强,1
温顺,1
加深,1
郁酒,1
纹上,1
祁暗,1
许下,1
契约,1
笙早,1
同处,1
妥协,5
辞先,1
认输,1
束光,2
荆棘,1
惟命是从,1
不幸,1
无论如何,1
辞笙不渝,1
阿笙,1
阿辞​,1
没头没尾,1
跨过,1
小宰,1
稚生,1
日许,1
个愿,1
狗粮,1
🌝🌚,1
文开,1
坑品,1
编编,3
水晶会,1
下午,1
动动,1
投推,1
荐票,1
客户端,1
领到,1
主角们,1
